row_idx,row_title,obj_id,title,cost_shard,cost_character,cost_other_json,allowed,addons,text_excerpt
0,"Worm CYOA V6.1",iwa0,"Lore",0,0,"[]",0,0,"Two entities spiral through space, past stars and planets alike. Their parts shift between dimensions. Approaching a world, one you recognize as Earth, they shatter into hundreds of millions of pieces"
0,"Worm CYOA V6.1",4y9v,"Lore",0,0,"[]",0,0,"Something went wrong with their cycle this time. A mistake causes the more intelligent of the entities to crash into a planet where it is, not long after, put down. The entity's shards remain, in the "
0,"Worm CYOA V6.1",0hqw,"Lore",0,0,"[]",0,0,"One day a portal opened up under you while you slept... An alien with a grudge against the Entity decided to make you into something that can stop your species' destruction at the hands of the entitie"
0,"Worm CYOA V6.1",3g93,"Disclaimer",0,0,"[]",0,0,"Disclaimer: I don't own Worm, Ward, or any of their characters. All rights to those go to John C. McCrae aka Wildbow. This is merely a non-profit fanwork. I made none of the pictures in this CYOA and "
0,"Worm CYOA V6.1",rp19,"Author",0,0,"[]",0,0,"Author: PixelGMS (On Reddit and Fanfiction.net) or SoundByte (On SufficientVelocity and Spacebattles) I'm fine with anyone using this as a basis to make their own CYOA as long as they give me credit w"
0,"Worm CYOA V6.1",b97h,"IMPORTANT: Upload",0,0,"[]",0,0,"You will be able to upload pictures to the CYOA for the purpose of better sharing your choices. THIS IS OPTIONAL. Do not feel like you need to upload pictures to choose a choice. Also, DO NOT UPLOAD A"
2,"Tabs",ck5v,"Who?",0,0,"[]",0,0,"Who is the being talking to? Who is the recipient of the being's blessing? Who knows about the being giving away these powers?"
2,"Tabs",yedw,"Difficulty",0,0,"[]",0,0,"Is it worth it? Well, good luck."
2,"Tabs",bxz5,"Scenario",0,0,"[]",0,0,"At what point you will arrive."
2,"Tabs",va5k,"Alignment",0,0,"[]",0,0,"Your stance on morality and the law."
2,"Tabs",cjqy,"Character",0,0,"[]",0,0,"Who you will be."
2,"Tabs",xy6v,"Shard",0,0,"[]",0,0,"What is giving you your powers?"
2,"Tabs",6dri,"Point Conversion",0,0,"[]",0,0,"Conversion between SP and CP."
2,"Tabs",b0pr,"Perks and Drawbacks",0,0,"[]",0,0,"Things that help you and cost points versus things that harm you but give you points."
2,"Tabs",wwyj,"Skills",0,0,"[]",0,0,"Skills that you can have uploaded to your brain like the Matrix."
2,"Tabs",udrw,"Powers",0,0,"[]",0,0,"Superpowers."
2,"Tabs",j9ec,"Oops / Setting",0,0,"[]",0,0,"Alternate settings you can be sent to."
3,"Meta (Target)",8mhz,"You",-5,0,"[]",1,0,"You are the one who the choices you choose apply to."
3,"Meta (Target)",zp9a,"Someone Else",-10,0,"[]",1,0,"Choose a real person, they're the one who the choices you choose apply to."
3,"Meta (Target)",ri2z,"Fictional Character (With Powers)",10,0,"[]",1,0,"Choose a fictional character, they're the person who the choices you choose apply to. They keep all their powers, even if it doesn't really make sense that they do. If you choose a character from Worm"
3,"Meta (Target)",qbzv,"Fictional Character (Without Powers)",-5,5,"[]",1,0,"Choose a fictional character, they're the person who the choices you choose apply to. They lose all their powers, though their skillset remains. If you choose a character from Worm, their original sel"
3,"Meta (Target)",zz09,"Original Character",15,0,"[]",1,0,"Create a character with powers from scratch. Then put them through this CYOA. They keep their original self's powers."
3,"Meta (Target)",zz09,"Original Character",0,0,"[]",1,0,"Create a character from scratch. This character can have had powers, but they don't anymore, or they already had the powers they're supposed to be gaining in this CYOA. Then put them through this CYOA"
3,"Meta (Target)",iv4s,"Meta",30,0,"[]",1,0,"You are the one who the choices you choose apply to. However, it isn't you as you are right now. Make a build with some other CYOA, and the version of you with that build is the one who this CYOA targ"
4,"Meta (Awareness)",trog,"Someone Else",0,-5,"[]",0,0,"Someone else made the choices, but the (Meta) Target has to deal with the results."
4,"Meta (Awareness)",0ofk,"The Alien",0,-5,"[]",0,0,"The Alien with the grudge against the entities gave you these powers without a word to anyone. "
4,"Meta (Awareness)",0wyi,"CYOA",0,0,"[]",0,0,"They played a CYOA, adapted to fit their perceptions (So, it didn't call their own reality a story, and if Worm didn't exist as a story in their reality, then the CYOA gave them the CliffNotes of it.)"
4,"Meta (Awareness)",1psq,"A Deal with the Alien",0,0,"[]",0,0,"They Alien confronted them and gave them their choices, altered to fit their perceptions (So, it didn't call their own reality a story, and if Worm didn't exist as a story in their reality, then the A"
5,"Difficulty",xatd,"Easy",-30,0,"[]",0,0,"50% of people will irrationally hate you and you can do nothing to fix this, not even with unrestricted Path to Victory, Omniscience, or Master powers. Taylor Hebert, Amy Dallon, Sarah Livsey/Lisa Wil"
5,"Difficulty",jqcg,"Normal",0,0,"[]",0,0,"No extra points, no point costs, no perks, no drawbacks. "
5,"Difficulty",cmed,"Hard",15,0,"[]",0,0,"Slightly increases your perception"
5,"Difficulty",cd5a,"Extra Hard",30,0,"[]",0,0,"Removes the alignment drawbacks and slightly increases your perception."
5,"Difficulty",3nvz,"Extremely Hard",50,0,"[]",0,0,"Increases your determination, willpower, and ability to resist despair by 500% each, removes the alignment drawbacks, and slightly increases your perception. Each part of this can be toggled on/off at"
5,"Difficulty",iuhy,"Death Mode",0,0,"[]",0,0,"Eden never died. You cannot take the options that instakill the Entities or Endbringers. This increases your intelligence and creativity by 20%, increases your determination, willpower, and ability to"
5,"Difficulty",sod4,"Suicide Mode",50,0,"[]",0,0,"Eden never died. You cannot take the options that instakill the Entities or Endbringers. This increases your intelligence and creativity by 100%, increases your determination, willpower, and ability t"
5,"Difficulty",v3pt,"Determination Mode",100,0,"[]",0,0,"Eden never died. You cannot take the options that instakill the Entities or Endbringers. This increases your determination, willpower, and ability to resist despair by 2,000% each, removes the alignme"
6,"You",jfl2,"Open All",0,0,"[]",0,0,""
6,"You",fqch,"Incarnation",0,0,"[]",0,0,""
6,"You",a6nc,"Age",0,0,"[]",0,0,""
6,"You",mapp,"Sex",0,0,"[]",0,0,""
6,"You",c3ih,"Gender",0,0,"[]",0,0,""
6,"You",jvpg,"Appearance",0,0,"[]",0,0,""
6,"You",5dq9,"Identity",0,0,"[]",0,0,""
6,"You",58k6,"Civilian Identity",0,0,"[]",0,0,""
7,"Powers",znp9,"Open All",0,0,"[]",0,0,""
7,"Powers",udjo,"Shard Power Classifications",0,0,"[]",0,0,""
7,"Powers",an1a,"Power Copy",0,0,"[]",0,0,""
7,"Powers",piiq,"Combo Powers",0,0,"[]",0,0,""
7,"Powers",wf8r,"Tier 3 Powers",0,0,"[]",0,0,""
7,"Powers",ou9p,"Tier 2 Powers",0,0,"[]",0,0,""
7,"Powers",ezx6,"Tier 1 Powers",0,0,"[]",0,0,""
7,"Powers",ibrt,"Shardless Powers",0,0,"[]",0,0,""
8,"Shardless Powers",a6yy,"Open All",0,0,"[]",0,0,""
8,"Shardless Powers",ak5q,"One Pointers",0,0,"[]",0,0,""
8,"Shardless Powers",awk7,"Multi-Pointers",0,0,"[]",0,0,""
9,"Scenario",jwlb,"April 7, 2011",-20,-20,"[]",1,0,"This is a couple of days before Taylor Hebert, the primary focus of Wildbow's visions, first debuted as a Cape, an active Parahuman, and fought Lung, the Dragon of Kyushu. If you don't change anything"
9,"Scenario",1y99,"Summer, 2009",-15,-15,"[]",1,0,"You will find yourself on the day before Emma Barnes—Taylor Hebert's childhood friend—and her dad gets attacked by the ABB. You have about four years before the remaining entity attempts to commit mul"
9,"Scenario",xp7k,"May 8th, 2005",-15,-10,"[]",1,0,"This is the day before the Endbringer, Leviathan, attacks Newfoundland. However, if you change things here without being careful, Dragon, the benevolent AI, could end up remaining Richter's housekeepi"
9,"Scenario",boxl,"September 14th, 2000",-8,-8,"[]",1,0,"This is the day before the Siberian kills Hero. The Siberian is truly William Manton, the Siberian merely a projection of his. However, his projection is powerful, able to damage even the invulnerable"
9,"Scenario",eh6l,"November 1st, 1999",-8,-5,"[]",1,0,"This is the day before Leviathan attacks Kyushu. November 2nd is also the first appearance of Lung, who would do more damage to Leviathan than any other Cape before him. By default, you have nearly fo"
9,"Scenario",ofgr,"May 19th, 1982",5,5,"[]",1,0,"May 19th is the day before the first appearance of Scion, Earth's greatest hero. It is also the first appearance of anything truly extraterrestrial or supernatural on Earth. You know the truth about S"
9,"Scenario",o315,"June 20th, 2013",-35,-15,"[]",1,0,"It is Gold Morning. Jack Slash will convince the entity to kill all humans, in what would later be called Gold Morning, today. You have less than a day to prepare, best make the most of it."
9,"Scenario",3nzj,"July 1st, 2015",0,0,"[]",1,0,"You find yourself half a month before the start of Ward. Sorry, I seem to have gotten the info wrong; Wildbow is a post-cognitive and a precognitive."
9,"Scenario",y68r,"June 24th, 2063",0,0,"[]",1,0,"You find yourself half a century after Gold Morning. Sorry, I seem to have gotten the info wrong; Wildbow is a post-cognitive and not a precognitive."
10,"Alignment",fxb5,"Lawful",0,0,"[]",2,0,"You follow rules, whether these be the laws or your own personal rules. Bonus: You will always have a better lawyer than the opposition in any way that is relevant. This does not give your lawyer any "
10,"Alignment",g124,"True",0,0,"[]",2,0,"You don't go out of your way to break laws, but you won't hesitate to break them if you feel it's necessary. On the other hand, you might just be lax about the law. Bonus: Your morality bonus will be "
10,"Alignment",sp1y,"Chaotic",0,0,"[]",2,0,"You hate following rules or orders and will either ignore them entirely or go out of your way to spite them. Bonus: You find it easier to be intimidating, and will often be intimidating when you don't"
10,"Alignment",7z83,"Good",0,0,"[]",2,0,"You are a good person. You always try to do the right thing, even if it doesn't necessarily help you. You generally or always try to save innocents, whether that be the ones in front of you or the mos"
10,"Alignment",i7bw,"Neutral",0,0,"[]",2,0,"You're not necessarily a good person, but you're not bad either. You're not about to sacrifice yourself for others, but you're not going to go and kill them either. You can be biased toward one side o"
10,"Alignment",k0tu,"Evil",0,0,"[]",2,0,"You are not a good person. You might have standards, there might be things that are so awful that even you would never even tolerate it, but you don't hesitate from doing pretty awful things yourself."
11,"Incarnation",8tcr,"Character-Insert",0,10,"[]",1,0,"You replace one of the people that already existed on Earth Bet. You keep their power if they already triggered, and get to have any power you choose later. You shall have all their memories and skill"
11,"Incarnation",kht1,"Reincarnation",0,5,"[]",1,0,"Thankfully, whatever method was used to make the portal, is allowing your consciousness to remake your body using the molecules left from your shredded self and the previous test subjects. After your "
11,"Incarnation",icne,"Insert",-5,-5,"[]",1,0,"Your body is remade for you, just as it was. You will have no identity on Earth Bet."
12,"Age",cxxo,"0 to 6 years old",-8,0,"[]",1,0,"You have not yet started school. If you have started school, you're in preschool or kindergarten. You are going to have trouble caping, and may become famous as one of the youngest Capes ever. Younger"
12,"Age",ytlq,"6 to 10 years old",-5,0,"[]",1,0,"You have not yet started puberty and are in elementary school. Younger capes tend to be more powerful, but the Wards don't allow them to do much."
12,"Age",8h7h,"10 to 12 years old",-3,0,"[]",1,0,"You're starting puberty and finishing elementary school. Younger capes tend to be more powerful, but the Wards don't allow them to do much."
12,"Age",chun,"12 to 14 years old",0,0,"[]",1,0,"You're in middle school and puberty has started or is coming soon unless you're a late bloomer."
12,"Age",myd7,"14 to 18 years old",0,0,"[]",1,0,"You're in high school and have started getting used to puberty. You might be able to get a driver's permit."
12,"Age",ig9l,"18 to 24",0,0,"[]",1,0,"You're in college (or not), or just completed it, and you've finished the worst of puberty, or completed it all together. You're also a legal adult. If you're 21 or older you can legally drink alcohol"
12,"Age",xfo0,"24 to 29",0,0,"[]",1,0,"You're a young adult, but no longer in college. Unless you're going for a PhD, you're probably out of college. Unless you're jobless, you are a member of the workforce. "
12,"Age",ptsr,"30 to 50",0,0,"[]",1,0,"You are an adult. You're part of the workforce and you have more worldly experience than most other Capes. Newly triggered adult Capes are rare."
12,"Age",kf8e,"50 to 70",-2,-5,"[]",1,0,"You are middle-aged going on elderly. Middle-aged capes are very rare. Take some bonus points."
12,"Age",yw0r,"70+",-5,-10,"[]",1,0,"You are elderly. You are nearly unique in how old of a Cape you are. I suggest your costume be cosplay of Gandalf or Dumbledore. Here are some bonus points."
13,"Sex",l1un,"Male",0,0,"[]",1,0,"You are a biological male. "
13,"Sex",zsp0,"Other",0,0,"[]",1,0,"You are some mix of a biological male and female."
13,"Sex",puxg,"Female",0,0,"[]",1,0,"You are a biological female. Interesting fact: most parahumans are female."
14,"Gender",ilp3,"Male",0,0,"[]",1,0,"You identify as a male. If you chose a female body, you may have Gender Dysphoria."
14,"Gender",n84s,"Nonbinary",0,0,"[]",1,0,"You are nonbinary. You may or may not suffer from Gender Dysphoria. "
14,"Gender",fbcq,"Female",0,0,"[]",1,0,"You identify as a female. If you chose a male body, you may have Gender Dysphoria."
15,"Appearance",q4jr,"Beautiful",0,10,"[]",1,0,"You look like a very attractive female. If you're male, your face will be feminine and your body slender. You won't be prone to getting acne."
15,"Appearance",a8nj,"Handsome",0,10,"[]",1,0,"You look like a very attractive male. If you're female, your face will look like that of a feminine man and you won't have any very obvious signs of being female. You won't be prone to getting acne."
15,"Appearance",b57k,"Androgynous",0,8,"[]",1,0,"You look very attractive, but you don't necessarily look like one sex or the other. You won't be prone to getting acne."
15,"Appearance",4kr0,"Attractive",0,7,"[]",1,0,"You're moderately attractive. You won't be prone to getting acne."
15,"Appearance",gl7t,"Average",0,0,"[]",1,0,"You're not ugly, but you're not exactly good looking either. You won't be prone to getting acne."
15,"Appearance",tndr,"Ugly",0,-5,"[]",1,0,"You're either ugly or somewhat unattractive and prone to getting acne."
15,"Appearance",mre9,"Hideous",0,-10,"[]",1,0,"You are hideous. You're also prone to getting acne."
15,"Appearance",udw3,"Deformed",0,-10,"[]",1,0,"You are deformed. You would look average if not for your deformity and are not prone to getting acne."
16,"Identity",ee5n,"Taylor Anne Hebert",6,0,"[]",1,0,"Cape Name: None Alignment: True Good Gender: Female Sex: Female Sexual Preference: Male Age: 15 Power: Total control of all arthropods within 3 to 5 blocks as well as infinite multitasking. Appearance"
16,"Identity",1b1s,"Amy Dallon",14,0,"[]",1,0,"Cape Name: Panacea Alignment: Lawful Good Gender: Female Sex: Female Sexual Preference: Female Age: 15 Power: Biokinesis. Amy Dallon has the ability to manipulate the biology of any carbon-based lifef"
16,"Identity",wohf,"Victoria Dallon",5,0,"[]",1,0,"Cape Name: Glory Girl Alignment: True Good Gender: Female Sex: Female Sexual Preference: Male (Dating Dean Stansfield) Age: 17 Power: She has a force field that can block any blow no matter how powerf"
16,"Identity",p4k9,"Sarah Livsey/Lisa Wilbourn",7,0,"[]",1,0,"Cape Name: Tattletale Alignment: Chaotic Neutral Most Known As: Lisa Wilbourn Gender: Female Sex: Female Sexual Preference: Asexual (This will overwrite your own sexual preference) Age: 16 Power: Her "
16,"Identity",zu23,"Lily",10,0,"[]",1,0,"Cape Name: Flechette Alignment: True Good Gender: Female Sex: Female Sexual Preference: Female Age: 17 Power: Lily could infuse nonliving objects with the ability to ignore select laws of physics, inc"
16,"Identity",kip4,"Sabah",4,0,"[]",1,0,"Cape Name: Parian Alignment: Lawful Good Gender: Female Sex: Female Sexual Preference: Female Age: 21 Power: Sabah has fine telekinetic control over small objects. Appearance: Attractive Civilian Iden"
16,"Identity",rbpk,"Aisha Laborn",11,0,"[]",1,0,"Cape Name: None Alignment: Chaotic Neutral Gender: Female Sex: Female Sexual Preference: Male Age: 13 Power: She has not yet triggered with her powers. When she does, she is incredibly hard to notice "
16,"Identity",zx2a,"Missy Biron",12,0,"[]",1,0,"Cape Name: Vista Alignment: Lawful Good Gender: Female Sex: Female Sexual Preference: Male (Crush on Dean Stansfield) Age: 12 Power: Missy can warp space on a continental scale but living beings inter"
16,"Identity",iek5,"Dinah Alcott",11,0,"[]",1,0,"Cape Name: None Alignment: True Good Gender: Female Sex: Female Sexual Preference: Unknown Age: 12 Power: Dinah can predict the future as percentages. Doing so too much will give her headaches. Appear"
16,"Identity",iofn,"Riley Grace Davis",14,0,"[]",1,0,"Cape Name: Bonesaw Alignment: Lawful Evil Gender: Female Sex: Female Sexual Preference: Unknown Age: 14 (Probably) Power: Riley is a powerful biotinker. Basically, she has advanced knowledge of all fi"
16,"Identity",3axn,"Annette Hebert",0,-8,"[]",1,0,"Cape Name: None Alignment: True Good Gender: Female Sex: Female Sexual Preference: Male Age: 42 (Dead at 39. Dead since Summer, 2009) Power: None Appearance: Attractive Civilian Identity: College Prof"
16,"Identity",vll5,"Hana",6,0,"[]",1,0,"Cape Name: Miss Militia Alignment: Lawful Good Gender: Female Sex: Female Sexual Preference: Male Age: ~30 Power: The ability to form weapons from a semi-sentient blue-black blur of energy. These weap"
16,"Identity",n8fi,"Dean Stansfield",4,0,"[]",1,0,"Cape Name: Gallant Alignment: Lawful Good Gender: Male Sex: Male Sexual Preference: Female Age: 17 Power: He can see emotions and can shoot emotion blasts. The stronger the emotion he's blasting, the "
16,"Identity",rau8,"Brian Laborn",3,0,"[]",1,0,"Cape Name: Grue Alignment: Chaotic Neutral Gender: Male Sex: Male Sexual Preference: Female Age: 17 Power: He can create a smoke-like darkness that erases all light and sound. It also weakens or tempo"
16,"Identity",4pem,"Carlos",4,0,"[]",1,0,"Cape Name: Aegis Alignment: Lawful Good Gender: Male Sex: Male Sexual Preference: Female Age: 17 Power: He adapts to damage and can fly. His adaption allows him to act as if his body was at peak capac"
16,"Identity",19h3,"Jean-Paul Vasil",7,0,"[]",1,0,"Most Known As: Alec Cape Name: Regent Alignment: Chaotic Neutral Gender: Male Sex: Male Sexual Preference: Bisexual Age: 14 Power: He can control other peoples' nervous systems. At first all he can do"
16,"Identity",l7s2,"Theo Anders",5,0,"[]",1,0,"Cape Name: None Alignment: True Good Gender: Male Sex: Male Sexual Preference: Female Age: 15 Power: He has not yet triggered with his powers. Theo's power is to embed his limbs into a surface to proj"
16,"Identity",m2up,"Dennis ""Dynamite""",7,0,"[]",1,0,"Cape Name: Clockblocker Alignment: True Good Gender: Male Sex: Male Sexual Preference: Female Age: 17 Power: He can freeze something in time with a touch. It stays frozen for 30 seconds to 10 minutes."
16,"Identity",f7ta,"Colin Wallis",9,0,"[]",1,0,"Cape Name: Armsmaster Alignment: Lawful Good Gender: Male Sex: Male Gender Preference in Regard to Romance: Female Age: Unknown (Definitely an Adult) Power: A Tinker whose specialty is Miniaturization"
16,"Identity",yc9u,"Danny Hebert",-5,-5,"[]",1,0,"Cape Name: None Alignment: Lawful Neutral Gender: Male Sex: Male Sexual Preference: Female Age: 40s Power: None, but has the potential to trigger with a power similar to Taylor's. Appearance: Average "
16,"Identity",yzm3,"Shawn",9,0,"[]",1,0,"Cape Name: Dauntless Alignment: Lawful Good Gender: Male Sex: Male Sexual Preference: Female Age: ~30 Power: Can put charges in items to give them powers. This slowly makes the move powerful. Active c"
16,"Identity",ax8h,"Kenta",9,0,"[]",1,0,"Cape Name: Lung Alignment: Chaotic Evil Gender: Male Sex: Male Sexual Preference: Female Age: ~30 Power: He starts as a low level brute, but he grows stronger and slowly transforms into a dragon the l"
16,"Identity",k9xa,"Max Anders",7,0,"[]",1,0,"Cape Name: Kaiser Alignment: True Evil Gender: Male Sex: Male Sexual Preference: Female Age: ~35 Power: Kaiser can create metal objects that extend from a solid surface around him. The metal can be ir"
16,"Identity",ab2s,"Thomas Calvert",7,0,"[]",1,0,"Cape Name: Coil Alignment: Chaotic Evil Gender: Male Sex: Male Sexual Preference: Unknown Age: Unknown (Definitely an Adult) Power: Coil uses precognition to follow two timelines where he makes differ"
16,"Identity",g9pl,"Jacob",35,0,"[]",1,0,"Cape Name: Jack Slash Alignment: Chaotic Evil Gender: Male Sex: Male Sexual Preference: Unknown Age: 37 Power: Extends the cutting edge of a bladed object, the longer the edge the farther it extends. "
16,"Identity",m4be,"Siberian",25,0,"[]",1,0,"Cape Name: Siberian Alignment: None Gender: Unknown Sex: Female Sexual Preference: Unknown Chronological Age: 11 Physical Age: Unknown, Adult Power: The Siberian is a projection. By Self-Inserting int"
17,"Civilian Identity",pm4o,"CEO",0,10,"[]",1,0,"You run a successful business."
17,"Civilian Identity",mstd,"Politician",0,10,"[]",1,0,"You're a popular politician."
17,"Civilian Identity",s8qh,"PRT",0,7,"[]",1,0,"You're a member of the PRT."
17,"Civilian Identity",x70q,"Teacher",0,0,"[]",1,0,"You're a teacher at a school. You can decide what grade(s) you teach, as long as it makes sense. (Teaching exclusively college and middle school students, for example, does not make sense.)"
17,"Civilian Identity",id7c,"Lawyer",0,8,"[]",1,0,"You're a lawyer. If you want, you can work at Carol Dallon's lawfirm."
17,"Civilian Identity",bwx3,"Full-Time Job",0,2,"[]",1,0,"You have some other full-time job."
17,"Civilian Identity",et40,"Part-Time Job",0,1,"[]",1,0,"You have a part-time job. Whether you dropped out, aren't going to college, or already graduated, you aren't going to school."
17,"Civilian Identity",usdk,"College",0,3,"[]",1,0,"You're a student at the nicest college in the area. You might also have a part-time job."
17,"Civilian Identity",gma7,"High School",0,-1,"[]",1,0,"You go to a high-school. If it's Winslow and 2009-2011, you share a school with Taylor Hebert. If it's Arcadia between about 2008-2011, you share a school with Victoria Dallon, the focus of Wildbow's "
17,"Civilian Identity",2v85,"Middle School",0,-2,"[]",1,0,"You go to a middle-school. If it's the Arcadia middle-school, you share a school with Missy Biron and Dinah Alcott, both of whom are important Parahumans."
17,"Civilian Identity",jpt9,"Elementary School",0,-3,"[]",1,0,"You go to an elementary school. No one important goes here."
17,"Civilian Identity",tatd,"Preschool or Kindergarten",0,-4,"[]",1,0,"You go to a preschool or kindergarten. The kindergarten might be part of an elementary school. No one important goes here."
17,"Civilian Identity",imhz,"Homeschool",0,3,"[]",1,0,"You get home schooled by your parents, legal guardians, or a tutor. "
17,"Civilian Identity",eu44,"Orphan",0,-6,"[]",1,0,"You're too young to go to school and you don't have parents or godparents. You live at an orphanage. "
17,"Civilian Identity",78tp,"Nothing",0,-3,"[]",1,0,"You're too young to go to school so your parents or the daycare takes care of you. Or maybe a nanny."
17,"Civilian Identity",jm3m,"Other",0,10,"[]",1,0,"None of these options are applicable. This means you can choose something else, but nothing crazy. You can't choose to already govern anything larger than a county, you can't run a large organization "
17,"Civilian Identity",uxoe,"(Orphan) High School Student",0,-3,"[]",1,0,"High school but you're also an orphan. You can have a part time job."
17,"Civilian Identity",cp1y,"(Orphan) Middle School Student",0,-4,"[]",1,0,"Middle school but you're also an orphan."
17,"Civilian Identity",7tsd,"(Orphan) Elementary School Student",0,-5,"[]",1,0,"Elementary school but you're also an orphan."
18,"Shard",0s6z,"Shard of the Warrior Entity",0,-10,"[]",2,0,"Your power comes from the Warrior Entity. - Your power pushes you toward conflict and can alter your personality. + You instinctively understand how to use your powers. + Your power will back you up i"
18,"Shard",euib,"Mundane",0,-60,"[]",2,0,"You have no Shard. You may not take any powers and some Perks will be restricted to you."
18,"Shard",k62u,"Empowered",15,0,"[]",2,0,"You have power coming from a source other than the Entities. The source may be some energy that permeates the galaxy, such as The Force, some internal energy, such as Aura, or a science unknown to the"
18,"Shard",ar45,"Shard of the Thinker Entity",-10,0,"[]",2,0,"Your power comes from the Thinker Entity. + Your power is dead and can't directly change your personality. - You have to learn how to use your powers. - If you use your powers too much, you could use "
19,"Shard Ranking",sxhj,"Queen",0,20,"[]",1,0,"The entity, not having this Shard, is severely hindered. This Shard is significantly stronger than most others, only equaled by the other Queen shards. You can choose Tier 1, 2, and 3 powers."
19,"Shard Ranking",ttv5,"Vital",0,0,"[]",1,0,"This Shard is considered important to the entity, and so will not discard it lightly. The entity would be hindered by the loss of this Shard. You can choose Tier 2 and 3 powers."
19,"Shard Ranking",axaw,"Normal",0,-20,"[]",1,0,"This Shard is not considered to be important to the entity. You can choose Tier 3 powers."
20,"Shard Influence",orxr,"Irritable",-2,-1,"[]",0,0,"You find yourself slightly more easily angered."
20,"Shard Influence",kfuv,"Wrathful",-2,-1,"[]",0,0,"You find yourself slightly more prone to violence when angered."
20,"Shard Influence",kloo,"Battle Hungry",-5,-3,"[]",0,0,"You want to fight. Going a few days without fighting is fine, but going more than a week without a fight is nearly unbearable."
20,"Shard Influence",0fkt,"Blood Thirsty",-8,-5,"[]",0,0,"When you fight, you don't try to avoid maiming. In fact, you might even go out of your way to maim your opponents."
20,"Shard Influence",n2bs,"Mental Disorder",-10,-5,"[]",0,0,"Your power has given you some sort of mental handicap, disorder, or quirk. This could be anything from a bad case of ADHD to a really bad case of OCD. Whatever you have, you have a severe case of it."
20,"Shard Influence",36fq,"Relatibility",-10,-5,"[]",0,0,"You have lost all your ability to relate to humans. This can be regained, but it'll take a lot of work. You gain the ability to understand something related to your powers a lot better than you would "
20,"Shard Influence",z4op,"Not-so-Gentle Push",-5,-5,"[]",0,0,"You have the need to use your power, especially in new and creative ways. You can barely go a week without using your powers, it just isn't possible to go longer. Avoiding using your powers in new, cr"
21,"Point Conversion",glyh,"+25 SP -50 CP",-25,50,"[]",0,0,""
21,"Point Conversion",hfao,"+15 SP -30 CP",-15,30,"[]",0,0,""
21,"Point Conversion",ar4o,"+10 SP -20 CP",-10,20,"[]",0,0,""
21,"Point Conversion",u6fb,"+5 SP -10 CP",-5,10,"[]",0,0,""
21,"Point Conversion",te5f,"+2 SP -4 CP",-2,4,"[]",0,0,""
21,"Point Conversion",wg6e,"+2 SP -4 CP",-2,4,"[]",0,0,""
21,"Point Conversion",fjet,"+1 SP -2 CP",-1,2,"[]",0,0,""
21,"Point Conversion",jrdv,"+1 SP -2 CP",-1,2,"[]",0,0,""
21,"Point Conversion",gmfz,"+1 SP -2 CP",-1,2,"[]",0,0,""
21,"Point Conversion",c8cd,"+1 SP -2 CP",-1,2,"[]",0,0,""
21,"Point Conversion",vp59,"+1 SP -2 CP",-1,2,"[]",0,0,""
21,"Point Conversion",wgxp,"+1 SP -2 CP",-1,2,"[]",0,0,""
21,"Point Conversion",ji69,"+25 CP -50 SP",50,-25,"[]",0,0,""
21,"Point Conversion",v7wq,"+15 CP -30 SP",30,-15,"[]",0,0,""
21,"Point Conversion",5y4v,"+10 CP -20 SP",20,-10,"[]",0,0,""
21,"Point Conversion",wgvb,"+5 CP -10 SP",10,-5,"[]",0,0,""
21,"Point Conversion",xcfc,"+2 CP -4 SP",4,-2,"[]",0,0,""
21,"Point Conversion",tu55,"+2 CP -4 SP",4,-2,"[]",0,0,""
21,"Point Conversion",ca4o,"+1 CP -2 SP",2,-1,"[]",0,0,""
21,"Point Conversion",tiq5,"+1 CP -2 SP",2,-1,"[]",0,0,""
21,"Point Conversion",mh9x,"+1 CP -2 SP",2,-1,"[]",0,0,""
21,"Point Conversion",pqne,"+1 CP -2 SP",2,-1,"[]",0,0,""
21,"Point Conversion",owf6,"+1 CP -2 SP",2,-1,"[]",0,0,""
21,"Point Conversion",qr0v,"+1 CP -2 SP",2,-1,"[]",0,0,""
22,"Shardless Point Conversion",0nl8,"+25 CP -25 SP",25,-25,"[]",0,0,""
22,"Shardless Point Conversion",ogk7,"+15 CP -15 SP",15,-15,"[]",0,0,""
22,"Shardless Point Conversion",edtw,"+10 CP -10 SP",10,-10,"[]",0,0,""
22,"Shardless Point Conversion",xrbk,"+5 CP -5 SP",5,-5,"[]",0,0,""
22,"Shardless Point Conversion",zhle,"+2 CP -2 SP",2,-2,"[]",0,0,""
22,"Shardless Point Conversion",if2s,"+2 CP -2 SP",2,-2,"[]",0,0,""
22,"Shardless Point Conversion",y68p,"+1 CP -1 SP",1,-1,"[]",0,0,""
22,"Shardless Point Conversion",zohy,"+1 CP -1 SP",1,-1,"[]",0,0,""
22,"Shardless Point Conversion",v9yg,"+1 CP -1 SP",1,-1,"[]",0,0,""
22,"Shardless Point Conversion",ycca,"+1 CP -1 SP",1,-1,"[]",0,0,""
22,"Shardless Point Conversion",fg5u,"+1 CP -1 SP",1,-1,"[]",0,0,""
22,"Shardless Point Conversion",6lqv,"+1 CP -1 SP",1,-1,"[]",0,0,""
23,"Perks and Drawbacks",ek4o,"Perks",0,0,"[]",0,0,""
23,"Perks and Drawbacks",wwb1,"Regular Badass",0,10,"[]",0,0,"You may be Shardless, but you have one thing going for you—you're a fucking badass! You pick up new skills more easily, and master them much quicker than most would. If you weren't already a genius, y"
23,"Perks and Drawbacks",ffrg,"Apex",0,10,"[]",0,0,"Your muscles, natural regeneration, bone density, intelligence, perception, and senses are all just short of Parahuman. "
23,"Perks and Drawbacks",qpwm,"Cosmetic Shapeshift",0,8,"[]",0,0,"Just once, you can change your appearance to anything you'd like, as long as it's within human limits. You can change your sex and age, along with any internal changes that these entail, but nothing m"
23,"Perks and Drawbacks",kb60,"Fan Service",0,5,"[]",0,0,"You are beautiful or handsome. No, that is an understatement. You are more attractive than even a supermodel. Any wounds you receive will heal properly, and you won't have scars unless you want to, an"
23,"Perks and Drawbacks",fy08,"Cloak Mark I",1,2,"[]",0,0,"Thinkers cannot find out that you are from another universe that has a multiversal-level unrestricted Precog, unless you tell them. They still will be able to tell you think their world is fiction if "
23,"Perks and Drawbacks",uh4g,"Cloak Mark II",2,3,"[]",0,0,"You are a blind spot to human precogs, including those with All-Seeing Precognition."
23,"Perks and Drawbacks",9mam,"Cloak Mark III",3,2,"[]",0,0,"You are a blind spot to Endbringer and Entity precognitives."
23,"Perks and Drawbacks",4ech,"Cloak Mark IV",2,1,"[]",0,0,"You are a blind spot to Thinker powers that get someone's information using anything other than environmental data or what the Thinker already knows. Tattletale's power would still work on you, but Ch"
23,"Perks and Drawbacks",42jg,"Mental Barrier",1,5,"[]",0,0,"You are immune to any and all Master and Stranger effects. You are also immune to other emotional effects caused directly by powers, such as those of Victoria Dallon's emotional aura."
23,"Perks and Drawbacks",87du,"Wealthy",0,5,"[]",0,0,"Your family is very wealthy. If you're not a CEO, politician, lawyer, or doctor then you got the money from an inheritance, or your parents are a CEO, politician, lawyer, or doctor if you're not yet a"
23,"Perks and Drawbacks",w0ll,"Trumped the Trump",3,0,"[]",0,0,"Unless you will it to be otherwise, Trump powers do not work on you. You can be Mastered into consenting to a Trump working on you, if you're not immune."
23,"Perks and Drawbacks",7otl,"Backup",0,5,"[]",0,0,"If you chose insert, you will arrive with a tablet that has all of Wildbow's predictions on it, in the order they were released. If you chose reincarnation or Self-Insert, sometime after your arrival "
23,"Perks and Drawbacks",mnpg,"Peaceful Vibes",0,2,"[]",0,0,"People of the same alignment as you will be slightly more likely to mesh well with you. You'll be more likely to work well together on a team."
23,"Perks and Drawbacks",48m6,"Negentropy",8,3,"[]",0,0,"It somehow went unnoticed by the entities that your Shard had the ability they sought for eons: it defies entropy. Somehow your power allows you to defy entropy, and uses this itself to keep it charge"
23,"Perks and Drawbacks",2b7c,"Extended Range",8,3,"[]",0,0,"Normally, the range of your Shard wouldn't extend far out of Earth's atmosphere, but now your Shard has unlimited range. You could be on the other half of the multiverse, and several billion light-yea"
23,"Perks and Drawbacks",jner,"Conflicted Predictions",3,3,"[]",0,0,"Wildbow's Shard, like any other Warrior Shard, was geared for conflict, and so what would really happen is a bit more spaced out. In other words, you have an extra two years, two months, and 13 days u"
23,"Perks and Drawbacks",eo3o,"Frankenstein",0,15,"[]",0,0,"I've decided to mess with your body a bit. You're a low level Brute in durability, strength, speed, reflexes, reaction time, senses, and regeneration. You are resistant to Master effects and predictio"
23,"Perks and Drawbacks",pjir,"All Seeing Precognition",20,10,"[]",0,0,"Blindspot? Hah. Your powers have no blindspots. They can see Eidolon, The Endbringers, The Entity, Mantellum, and all other blind spots. Actually, your power does have one blindspot... it cannot see t"
23,"Perks and Drawbacks",akq3,"'Plot' Armor",0,5,"[]",0,0,"You're not unlucky. You won't get killed by accident, only by something someone did intentionally. Someone has to go out of their way to kill you if they want you dead. This power doesn't protect you "
23,"Perks and Drawbacks",pr2q,"Noctis Cape",3,0,"[]",0,0,"You have no need to sleep, you'll constantly be alert and awake. You also have a perfectly eidetic memory, capable of perfectly recalling anything that has happened to you since you received your powe"
23,"Perks and Drawbacks",pnjs,"Homecoming",20,10,"[]",0,0,"Now, even without the Tier-3 Raven power, you're capable of travelling to any universe I have access to, assuming you have a power that would make it possible. (Any teleportation power that works on m"
23,"Perks and Drawbacks",ima4,"Sandbagging Kaiju",15,15,"[]",0,0,"The Endbringers are weakened to the point that the PRT and Cauldron believe them to be. Destroying their cores will not cause any backlash or explosive release of matter. "
23,"Perks and Drawbacks",d1hc,"Weakened Kaiju",23,7,"[]",0,0,"The Endbringers' strength, speed, durability, and power are all halved, and destroying their cores will not cause any backlash or explosive release of matter."
23,"Perks and Drawbacks",j4fl,"End of the Kaiju",30,0,"[]",0,0,"I lack the creativity that humans have (I had to hijack another human's creativity, PixelGMS I believe he calls himself, to create this set-up for you, as well as the choices themselves), which is why"
23,"Perks and Drawbacks",642t,"Enraged Avatar",-15,-15,"[]",0,0,"The Warrior Entity is trapped in his avatar. He is still capable of using all his powers to their full strength, but he cannot disable the facsimile of human emotions he feels, and destroying the Avat"
23,"Perks and Drawbacks",oaof,"Golden Avatar",-23,-7,"[]",0,0,"The Warrior Entity is trapped in his avatar. He is still capable of using all his powers, to some degree or another, but he cannot disable the facsimile of human emotions he feels, and destroying the "
23,"Perks and Drawbacks",g1zy,"Overcharge Strike",-30,0,"[]",0,0,"I lack the creativity that humans have (I had to hijack another human's creativity, PixelGMS I believe he calls himself, to create this set-up for you, as well as the choices themselves), which is why"
23,"Perks and Drawbacks",wpxb,"Drawbacks",0,0,"[]",0,0,""
23,"Perks and Drawbacks",7jpe,"(Minor) Conscious Geas",-1,-3,"[]",0,0,"Regardless if you're immune to Master/Stranger powers or not, you have a geas on you. A geas is a compulsion you must obey. You are aware of your geas and are not affected mentally by it, but if you t"
23,"Perks and Drawbacks",v4do,"(Moderate) Conscious Geas",-2,-5,"[]",0,0,"This is the same as Conscious Geas except that the geas can't be something insignificant. It doesn't need to be something necessarily negative, but it can no longer be something like ""Fart the first t"
23,"Perks and Drawbacks",y5v1,"(Severe) Conscious Geas",-3,-7,"[]",0,0,"This is the same as (Moderate) Conscious Geas except that the geas must be something significant. It doesn't need to be something necessarily negative, but it can no longer be something like ""Twitch w"
23,"Perks and Drawbacks",sl3c,"Additional (Mild) Conscious Geas",0,-2,"[]",0,0,"You can take more (Mild) Conscious Geasa, though you will not gain points if you take more than five."
23,"Perks and Drawbacks",34yb,"Additional (Mild) Unconscious Geas",-1,-1,"[]",0,0,"You can take more (Mild) Unconscious Geasa here, though you will not gain points if you take more than five."
23,"Perks and Drawbacks",834x,"Additional (Moderate) Conscious Geas",0,-4,"[]",0,0,"You can take more (Moderate) Conscious Geasa, though you will not gain points if you take more than seven."
23,"Perks and Drawbacks",rund,"Additional (Moderate) Unconscious Geas",-2,-2,"[]",0,0,"You can take more (Moderate) Unconscious Geasa, though you will not gain points if you take more than seven."
23,"Perks and Drawbacks",pu5h,"Additional (Severe) Conscious Geas",-1,-5,"[]",0,0,"You can take more (Severe) Conscious Geasa, though you will not gain points if you take more than nine."
23,"Perks and Drawbacks",zuzv,"Additional (Severe) Unconscious Geas",-3,-3,"[]",0,0,"You can take more (Severe) Unconscious Geasa, though you will not gain points if you take more than nine."
23,"Perks and Drawbacks",nd1r,"(Mild) Unconscious Geas",-3,-1,"[]",0,0,"Regardless if you're immune to Master/Stranger powers or not, you have a geas on you. A geas is a compulsion you must obey. You are unaware of your geas, and its effects are entirely mental. If your c"
23,"Perks and Drawbacks",8ej5,"(Moderate) Unconscious Geas",-5,-2,"[]",0,0,"This is the same as Unconscious Geas except that the geas/mental change must be something not insignificant. If this Unconscious Geas changes your personality in some way, rather than forcing you to d"
23,"Perks and Drawbacks",7aoo,"(Severe) Unconscious Geas",-7,-3,"[]",0,0,"This is the same as (Moderate) Unconscious Geas except that the geas/mental change must be something significant. If this Unconscious Geas changes your personality in some way, rather than forcing you"
23,"Perks and Drawbacks",whrm,"Case 53",-5,-8,"[]",0,0,"You do not look human. How bad you look depends on your chosen appearance. If you chose Self-Insert or Insert you'll now be able to go back and choose your appearance. The more good looking your appea"
23,"Perks and Drawbacks",34vl,"Wanted",0,-5,"[]",0,0,"You find that you have a knack for pissing off people of your opposing alignment. Lawful vs Chaotic and Good vs Evil. A Chaotic Good person would only gain a knack for pissing off Lawful Evil people a"
23,"Perks and Drawbacks",pfjj,"Wildbow? Where have I heard that before?",-5,-8,"[]",0,0,"You forget everything you know about Worm. Why? You had a chance to save everything! Stop the bloodshed, save the multiverse! Well, there's still a chance if you got Backup that you'll save everyone, "
23,"Perks and Drawbacks",6s5p,"Ryoga Hibiki",-10,-10,"[]",0,0,"Good news, you have a teleportation power. Bad news, it only works when no one is looking at you through mundane means and you can't control it. It's also global in scale. "
23,"Perks and Drawbacks",ju05,"Nosebleed",-12,0,"[]",0,0,"Using your powers will strain your body or mind, and overusing them can cause complications, such as fevers or killer migraines."
23,"Perks and Drawbacks",x88q,"Monologue",-3,-10,"[]",0,0,"You have a tendency to monologue. It's nothing overpowering, but if you don't actively go out of your way to not monologue, you're probably going to monologue after you feel you've won."
23,"Perks and Drawbacks",0kzc,"Selective Amnesia",-5,-10,"[]",0,0,"You forget everything from your first life EXCEPT Wildbow's predictions. Wow, that's some serious dedication. You don't remember your thoughts or feelings about Wildbow's predictions, just the facts."
23,"Perks and Drawbacks",6zrd,"Orphaned",0,-15,"[]",0,0,"Your parents will die within the next month due to it being favorable to further Cauldron's Goals. Short of you killing your parents yourself, there is absolutely nothing you can do to prevent this. T"
23,"Perks and Drawbacks",r1r7,"Corona Pollentia",-15,-15,"[]",0,0,"You have yet to trigger with your powers. To trigger you will need to get deeply traumatized. There is a possibility you will trigger from finding out you fell through a portal in your sleep into Eart"
23,"Perks and Drawbacks",l8bx,"Slaughterhouse 8",-5,-10,"[]",0,0,"If the Slaughterhouse 9 has formed, they're after you. Not to kill you or torture you, no, something worse. They have a position open and they want to recruit you. If the Slaughterhouse 9 has yet to f"
23,"Perks and Drawbacks",9gbp,"Endbringer Target",-10,-5,"[]",0,0,"The first time you go to an Endbringer fight, the Endbringer will go slightly out of its way to kill you. Unless you show that you're very powerful, you won't be its main focus."
23,"Perks and Drawbacks",qt4x,"Shounen",-5,-8,"[]",0,0,"You're not necessarily any less intelligent... you just care less. You're really bad at anything you're not significantly motivated to do."
23,"Perks and Drawbacks",tn6g,"Ditz",-2,-5,"[]",0,0,"Outside of battle, you're clumsy and forgetful. These can both be removed through your powers or through practice."
23,"Perks and Drawbacks",gmpq,"Handicapped",-3,-8,"[]",0,0,"Even if you're not handicapped in the slightest, when you're in your civilian identity, people will think you're handicapped."
23,"Perks and Drawbacks",pgsf,"Servant",-2,-6,"[]",0,0,"People will expect you to do small favors for them whenever you're not busy with something important People might ask you to mow their lawn, or save their cat from a tree. You can turn them down, but "
23,"Perks and Drawbacks",vrqv,"Poor",0,-10,"[]",0,0,"You or your family is not very wealthy. If you're a CEO then you business is quickly going downhill, though you're not yet poor, just getting there with a lot of momentum."
23,"Perks and Drawbacks",s4ui,"Homeless",0,-12,"[]",0,0,"You live on the streets or in the wild. Your whole family could be like this, or just you if you're an orphan."
23,"Perks and Drawbacks",pl4z,"Tinfoil Hat",-5,-10,"[]",0,0,"No one will believe you if you tell them about the entity or Cauldron unless you show them definite proof or they already know about what you're telling them. (Stranger) Truth overpowers this drawback"
23,"Perks and Drawbacks",wckn,"Insane",-20,-15,"[]",0,0,"You hallucinate and cannot differentiate your imagination from reality. You have moments of clarity. Your powers get stronger the lower your clarity is at any point in time. At your worst, your powers"
23,"Perks and Drawbacks",kvpo,"Fallen Worship",-5,-10,"[]",0,0,"The Fallen believe you to be one of the Endbringers, possibly not believing you've yet to receive whatever divine wisdom causes the Endbringers to destroy cities every couple of months. They will wors"
23,"Perks and Drawbacks",xsyg,"May you live in Interesting Times",-20,-20,"[]",0,0,"You attract trouble. Even if you try to live a completely mundane life, a strong Parahuman will always find you and you'll never go without a challenging fight. This could be considered a Perk if you "
23,"Perks and Drawbacks",vntt,"Genius of Hard Work",-20,0,"[]",0,0,"All of your powers that are more powerful, by default, than a power that would receive a PRT Threat Rating of 5 are weakened until they're at the level of powers with such a Threat Rating. From there,"
23,"Perks and Drawbacks",q0f4,"Late to the Party",-20,-5,"[]",0,0,"One good person, one neutral person, and one evil person arrive in the same universe as you with a build of their choice, except that they arrive at a time before you, don't arrive at the same time as"
23,"Perks and Drawbacks",cd6f,"Second Wave Parahumans",-30,-10,"[]",0,0,"A wave of triggers ripples across the globe (or galaxy if you're in a space setting), even among those who had no potential to become Parahumans prior to the ripple. The ripple has a lesser threshold "
24,"Skills",u4x5,"Anything Goes School of Martial Arts",0,25,"[]",0,0,"You are a master of all the well known schools of Martial Arts, such as Karate, Boxing, Judo, Aikido, Taekwandoe, Jujutsu, Muay Thai, Krav Maga, Tai Chi, Kendo, Fencing and more. You find learning new"
24,"Skills",4q6l,"Sword Art Offline",0,5,"[]",0,0,"You are a master of all martial arts based on weapons, including Kendo and fencing. This includes lesser known martial arts."
24,"Skills",x09z,"Martial Arts",0,5,"[]",0,0,"You are a master of any one martial art that isn't Anything Goes. (Yes, there are real Anything Goes martial art styles) Useless if taken with Anything Goes School of Martial Arts."
24,"Skills",rfs7,"Adaptable Martial Arts",0,5,"[]",0,0,"You find it easy to adapt your knowledge of martial arts to fit with any and all powers you have, even if it completely changes you body. You're also good at adapting martial arts to be used simultane"
24,"Skills",b2q6,"Marksmanship",0,7,"[]",0,0,"You are skilled at the use of ranged weapons. Choose 5 ranged weapons to be particularly skilled with, the rest you're merely proficient with."
24,"Skills",gg25,"Gun Fu",0,3,"[]",0,0,"You are a master of the fictional martial art called Gun Fu, adapted to actually work. You're particularly skilled when doing this with the ranged weapons you're particularly skilled with."
24,"Skills",0w4c,"Parkour",0,5,"[]",0,0,"You know how to fall, how to land, how to jump, and how to maneuver. You're a master of parkour."
24,"Skills",gjf9,"Stealth",0,8,"[]",0,0,"You know how to be stealthy. This includes both the crowd blending and the sneaking/hiding approach."
24,"Skills",jd1c,"Survival",0,8,"[]",0,0,"You know how to survive without money, whether that's in the wilderness or in a city."
24,"Skills",x1wn,"First-Aid",0,10,"[]",0,0,"You know how to do basic first-aid. You know stuff like mouth-to-mouth, how to stop bleeding, and how to stop someone from biting their tongue off from pain. You have a college 101 course level knowle"
24,"Skills",jw7m,"Mechanics",0,8,"[]",0,0,"You know how to build, maintain, and repair machines and electronics. You're no master, but you're about as good as a fresh-out-of-college dual-major mechanical engineer / electric-engineer."
24,"Skills",l645,"Programming",0,8,"[]",0,0,"You are a master of Java, Python, C++, C#, JavaScript, DragonScript, and a couple other coding languages. You can make a lot of money using this."
24,"Skills",uhrn,"Programming Language",0,4,"[]",0,0,"You are a master of any one programming language. Example of this are Java, Python, C++, C#, JavaScript, or DragonScript."
24,"Skills",ee65,"Hacking",0,4,"[]",0,0,"You're pretty good at hacking. Keep in mind that hacking usually isn't like how it's portrayed in the movies. You're not good enough to break into a Tinker or government's database, but most other thi"
24,"Skills",4exl,"Teaching",0,3,"[]",0,0,"You know how to teach people. Could be useful if you want to start a school of superpowered martial arts, because frankly, martial arts won't work the same with superpowers added to them, even if it's"
24,"Skills",8cwa,"Learning",0,5,"[]",0,0,"You find it easier to take-notes, pay attention, and follow along to speeches, seminars, lectures, discussions, and anything written. Also helps you learn physically and makes studying easier. Really "
24,"Skills",e7iw,"Tactics",0,10,"[]",0,0,"You have the Art of War installed and have a tactical mindset. You also find yourself with the ability to make a mental map of an area. You're going to need more experience if you want to be a tactica"
24,"Skills",xv6q,"Strategy",0,10,"[]",0,0,"You know how to make long term plans. You find it easy to grasp geography, troop locations, and the best move for your enemy to make."
24,"Skills",r579,"Business",0,7,"[]",0,0,"You're great with money, making deals, bartering, etc. Stacks well with the Neutral alignment."
24,"Skills",moxh,"Investigation",0,8,"[]",0,0,"You have all the skills necessary to be a detective... except the knowledge of the law. This doesn't make you more perceptive, but it does make it so you know what to look for and how to think."
24,"Skills",9ekf,"Law",0,5,"[]",0,0,"You have every law in the country you start in, as of your starting date, completely memorized. You're also better at memorizing laws, so it's somewhat useful if you chose a country you don't plan on "
24,"Skills",4bfg,"Politics",0,10,"[]",0,0,"You know how to play a crowd or group."
24,"Skills",hj5x,"Inspiration",0,15,"[]",0,0,"You know how to inspire people. Combined with True Good and you could end up being a Shounen protagonist. Almost."
24,"Skills",1tj1,"Echolocation",0,4,"[]",0,0,"A blind person can 'see' to some extent using echolocation. It isn't perfect, or as clear as a not-blind person's sight, but it helps. You can use this version of echolocation"
24,"Skills",zam7,"Pickpocketing",0,1,"[]",0,0,"You know how to pickpocket. This gives you moderate skill at stealth and slight of hand."
24,"Skills",fw91,"Lipreading",0,1,"[]",0,0,"You know how to lipread. Now even if you're deafened, you can get a grasp on what people are saying."
24,"Skills",plxm,"Sign-Language",0,1,"[]",0,0,"You know the most common sign-language version of any language you know."
24,"Skills",57je,"Banter",0,1,"[]",0,0,"You're good at banter and distraction. A bonus for this is that you gain a sense of humor, if you didn't already have one."
24,"Skills",ml3x,"Earth Bet Slang",0,1,"[]",0,0,"You know all the common Earth Bet slang. This is mostly useless if you chose Reincarnate or Self-Insert, though a loner or sufficiently young or old person might not know the slang."
24,"Skills",elqz,"Language",0,1,"[]",0,0,"You know one language in both its spoken and written form. This does not include languages that give you some sort of supernatural ability."
24,"Skills",68wo,"Omnilingual",0,5,"[]",0,0,"You know every spoken or written human language."
26,"Tier 3 Powers",6q91,"Wildcard",2,0,"[]",5,0,"Below is a link to a random superpower on the Superpower wiki. Whatever power is showcased on the page you are sent to, is your power. If you purchase this power once, you get a power that would get a"
26,"Tier 3 Powers",ab0h,"Twinsies",0,0,"[]",5,0,"Choosing this option will open a new area with a list of Parahumans on it. You can choose any one of their powers. Powers like Eidolon's and Contessa's won't be there. Your chosen power will be as pow"
26,"Tier 3 Powers",b1fy,"(Mover) Fast as a Hedgehog",2,0,"[]",5,0,"You can run at an additional 35 miles per hour than you could without powers, without breaking a sweat, 60 miles per hour if you really push yourself. Your legs have a small breaker effect that allows"
26,"Tier 3 Powers",z3qi,"(Mover) Flying like a Chicken",2,0,"[]",5,0,"You can jump 50 meters, and as long as you land on your feet you won't get hurt. Your feet are totally invulnerable to damage and act as shock absorbers. You can use this power to jump horizontally, b"
26,"Tier 3 Powers",uazi,"(Mover) Soaring through the Sky like a Flying Bison",3,0,"[]",5,0,"You can fly! Your acceleIration is kinda slow, 3 m/s^2, but your maximum speed is 120 miles per hour! If you're moving fast when you first start to fly, you'll keep your velocity, but unless you start"
26,"Tier 3 Powers",p2li,"(Mover/Thinker) Blink and you Miss it.",4,0,"[]",5,0,"You have absolute awareness of any and all matter within 5 meters of yourself, and can teleport to anywhere within 4 meters of yourself. Your cool down is half a second. All living beings in the spot "
26,"Tier 3 Powers",ktjc,"(Mover/Striker) Hotwheels",5,0,"[]",5,0,"You can convert and store heat energy and later release it as kinetic energy from anywhere on your body. The release of kinetic energy won't hurt you... directly. If you release the force of a bomb fr"
26,"Tier 3 Powers",ktej,"(Mover/Shaker) Position Control",5,0,"[]",5,0,"You can switch the location of any two people as long as the difference in mass is no larger than 50% that of the larger of the two."
26,"Tier 3 Powers",dg11,"(Mover/Thinker) Star-Nosed Mole",5,0,"[]",5,0,"Your reaction time is 25x faster than it would be otherwise. If your reaction time was average, your reaction time to visual stimulus would be 0.01 seconds. You also can think and process information "
26,"Tier 3 Powers",l3ot,"(Mover/Blaster/Shaker) The Last Airbender",8,0,"[]",5,0,"You are an airbender, you can manipulate air through the use of martial arts. You find learning how to airbend to be intuitive. Eventually you will be able to use air to slice through iron. You'll als"
26,"Tier 3 Powers",3jr2,"(Mover/Striker) Spit Marker",8,0,"[]",5,0,"Anywhere you've ever touched, or a part of your body larger than a cubic millimeter has touched, there will be a marker that you can teleport to. This does not allow you to travel to other universes, "
26,"Tier 3 Powers",cbl4,"(Mover) Blink!",10,0,"[]",5,0,"You can teleport to anywhere you can see. If you're a Noctis Cape, you can teleport to anywhere you've seen since getting your powers. You can teleport to other universes with this. You cannot use thi"
26,"Tier 3 Powers",3mp7,"(Mover/Striker) Quicker than Thunder",11,0,"[]",5,0,"You can move anywhere from normal speed to Mach 5. You have a breaker rating stopping you from taking damage from running around, but if you run into something or attack something, the effect will bre"
26,"Tier 3 Powers",7uxp,"(Mover/Thinker) I am the Shadow",12,0,"[]",5,0,"You can teleport to anywhere on the planet where no one is looking, as long as no one is looking at you. If someone is looking at you through Thinker powers, like Clairvoyant, your power still works.Y"
26,"Tier 3 Powers",tnjk,"(Mover) Raven",14,0,"[]",5,0,"You can open portals to anywhere your friends are, no matter the distance, no matter the universe. This is the only power that will allow you to return to your home universe. Family you're close to ar"
26,"Tier 3 Powers",1f9q,"(Shaker) Target Acquired",2,0,"[]",5,0,"Anyone within 300 meters of you will glow any color you want. They can even be seen through walls or if they're invisible. All parts of this power are toggleable, and you can lower your range however "
26,"Tier 3 Powers",ycv8,"(Shaker/Master/Thinker/Blaster) Bag of Holding",3,0,"[]",5,0,"You can project a portal to a pocket dimension with seemingly infinite space in it. You will always know what's in the pocket universe, and you will always be able to retrieve what you want from it. T"
26,"Tier 3 Powers",xpsu,"(Shaker/Thinker) Sound of Silence",3,0,"[]",5,0,"You have absolute control of all sound within 100 feet of yourself, or about 30 meters. You can not create sound using this power, but you can absorb it for later use. You can absorb enough sound to e"
26,"Tier 3 Powers",s9jv,"(Shaker) Forcefield",4,0,"[]",5,0,"You can project an inviolable barrier that is, at most, 3 meters in radius. You need to take down the barrier if you want to move out of the radius of the barrier. There doesn't need to be a delay bet"
26,"Tier 3 Powers",vub6,"(Shaker) Earthbender",7,0,"[]",5,0,"You are an earthbender, you can manipulate the earth through the use of martial arts. You find learning how to earthbend to be intuitive. Eventually you will be able to bend metal and magma. This can "
26,"Tier 3 Powers",uwde,"(Shaker/Master) Tentacles",8,0,"[]",5,0,"You can summon and control very powerful tentacles from the ground around you. You can summon tentacles within 20 meters of yourself, and controll them within 300 meters. If they remain out of your co"
26,"Tier 3 Powers",duec,"(Shaker) Gravity",9,0,"[]",5,0,"You can alter gravity within 100 feet or 30 meters of yourself. You can change the gravity anywhere from 10% to 500%."
26,"Tier 3 Powers",kmwf,"(Shaker) Temporal Tempo",10,0,"[]",5,0,"You can make bubbles of slowed, hastened, or frozen time. Frozen time grows at a rate of 1 cubic meter every two minutes. Hastened time at a rate of 1 cubic meter per 15 seconds. Slowed time grows at "
26,"Tier 3 Powers",rzk9,"(Shaker) Telekinesis",10,0,"[]",5,0,"You have telekinesis. When you're lifting less than 10 pounds or 4.5 kg in total, you have fine control equal to that of Parian. Otherwise your fine control is decent, but requires a lot of concentrat"
26,"Tier 3 Powers",eyy3,"(Shaker) Environment Shaping",11,0,"[]",5,0,"You can reshape the environment within 100 feet or 30 meters. You can't make anything float while doing this, but as long as they're not levitating, you have pretty much total control of the non-anima"
26,"Tier 3 Powers",br2j,"(Shaker) Storm",12,0,"[]",5,0,"You can control the weather within 1000 miles of your location. Your precision on a small scale is not nearly as precise as that of an Airbender, but you can do powerful airblasts. You can form tornad"
26,"Tier 3 Powers",hgmb,"(Shaker) Traveler",14,0,"[]",5,0,"You can control several elements as well as you could if you had the bender powers, but you can only control one at a time. Additionally, they're split into additional elements. The elements are Air, "
26,"Tier 3 Powers",dh91,"(Shaker) Deus Ex Machina",14,0,"[]",5,0,"Things tend to go in your favor. Endbringers won't attack the city you're in, you'll almost always win when you gamble, and you won't get hit by a stray shot. This only effects matters of luck. If som"
26,"Tier 3 Powers",q5du,"(Brute/Striker) Captain America",2,0,"[]",5,0,"You have a moderately above peak-human body in every way, excluding looks. Your looks are increased by one level though, and if they're already at the top level, then you look parahumanly attractive. "
26,"Tier 3 Powers",izkr,"(Brute) Vampire",2,0,"[]",5,0,"You regenerate when you touch someone else's blood. One quart of someone else's blood would be enough to fully regrow a cut-off arm if it was the only damage done to you. The healing is spread through"
26,"Tier 3 Powers",zt1s,"(Brute) No, I am Spartacus",3,0,"[]",5,0,"Any damage done to you will be spread evenly among any living being larger than a large rat within 10 meters of you. A bullet to the head will probably still kill you, even if there are 10 other peopl"
26,"Tier 3 Powers",x0pj,"(Brute) Atlas",4,0,"[]",5,0,"At any time you can lock the position of your feet to the ground. As long as that ground is there, you cannot be moved until you unlock the position of your feet. When like this you are completely inv"
26,"Tier 3 Powers",xjn6,"(Brute) Do you even lift?",5,0,"[]",5,0,"You have tactile telekinesis that allows you to lift anything. This doesn't enhance your punch speed or durability at all. If you pick up something large, you don't need to worry about structural inte"
26,"Tier 3 Powers",m981,"(Brute) Yang it!",6,0,"[]",5,0,"Any impact that lands on you will be absorbed and increase your strength. It will still harm you as much as the level of impact can. The increase in strength is equal to the power of the impact, and l"
26,"Tier 3 Powers",9w7n,"(Brute) Aegis",7,0,"[]",5,0,"If you are aware of an attack, it will not harm you. You can only be hurt by sneak attacks. If you're hit by an attack that's too quick for your mind to comprehend that it's there, you are not conside"
26,"Tier 3 Powers",jcx7,"(Brute) Invulnerable",10,0,"[]",5,0,"You have a charge that has a maximum capacity of fifteen minutes. It regenerates at a rate of 1 minute of use per minute of disuse, and does not regenerate when in use. Using this charge makes you tot"
26,"Tier 3 Powers",lv3m,"(Brute) Mine, Mine, Mine!",12,0,"[]",5,0,"You have the combined strength, speed, and durability of everyone within ten meters of you. Good against Brutes, not so much against Blasters."
26,"Tier 3 Powers",fltu,"(Brute) Telekinetic Barrier",12,0,"[]",5,0,"You have Glory Girl's durability and strength. Any impact stronger than a bullet shot from a pistol will pop your shield, but it can take any impact without taking damage. When the shield is down, you"
26,"Tier 3 Powers",idq4,"(Brute) Deadpool",12,0,"[]",5,0,"As long as even a cell of you survives, you can regenerate from it. A cut will heal almost immediately. A severed head will take a while, and will regrow from the head. You can not use this power to c"
26,"Tier 3 Powers",6lrz,"(Brute) Rocky",14,0,"[]",5,0,"You will always be as strong as necessary to exert as much force as the strongest blow that you've ever been hit with. This increases both durability and strength. "
26,"Tier 3 Powers",sbho,"(Brute/Trump) Stronger Together",15,0,"[]",5,0,"When fighting with those you truly care about, you and they will grow stronger until together you are as strong as your opponents' combined power. This does not take into account skill or their abilit"
26,"Tier 3 Powers",g4y9,"(Breaker) Immune Response",2,0,"[]",5,0,"You are highly resistant to all forms of poison, heat, electricity, and acid. You are totally immune to all forms of sickness and radiation. You are only moderately resistant to poisons that nullify y"
26,"Tier 3 Powers",4g4c,"(Breaker) Phase",2,0,"[]",5,0,"You can shift into a semi-gaseous state. While in this state, can can pass through walls as long as some part of you other than your feet go first. You can technically phase through the floor, but as "
26,"Tier 3 Powers",51t5,"(Breaker) Gomu Gomu no Mi",3,0,"[]",5,0,"You are a rubber person. Or, really, just really elastic and not conductive. Blunt forces do no damage to you and you're resistant to heat. You could get crushed by Behemoth or punched by Alexandria a"
26,"Tier 3 Powers",fmjp,"(Breaker) Ant Man",6,0,"[]",5,0,"You can shrink yourself to the size of 1 cubic centimeter. You retain your human strength while in this form. You can grow back to normal with a thought."
26,"Tier 3 Powers",j7qd,"(Breaker/Mover) Mirror World",7,0,"[]",5,0,"You can enter and exit a mirror world through mirrors, identical to the real world in every way except that there are no living beings. The mirror world reflects the state of the real world live, so c"
26,"Tier 3 Powers",s7sb,"(Breaker/Mover) Puella Magi Homura Magika",7,0,"[]",5,0,"You can send yourself back in time by up to 5 minutes, replacing your past self but with all your future self's injuries and possessions, but you won't be able to use the ability again until you're ba"
26,"Tier 3 Powers",8k7k,"(Breaker) Null",8,0,"[]",5,0,"You can fly at 15 miles per hour and can phase through matter. However, when in this state, you cannot interact with anything except light. You cannot talk, you cannot hear, you can only see and be se"
26,"Tier 3 Powers",ruiw,"(Breaker) Rotom",7,0,"[]",5,0,"You can possess objects. Possessing an undamaged object will heal you, and possessing a heavily damaged object will heavily injure you. Unless the object is electronic in nature, you can do nothing wh"
26,"Tier 3 Powers",jkpx,"(Breaker) Density",9,0,"[]",5,0,"You can control how much mass you have, without changing your size. Your minimum density is just above that of air, your maximum density is just above that of Tungsten."
26,"Tier 3 Powers",0a4d,"(Breaker) Rebirth",10,0,"[]",5,0,"When you die, one of this power's charges are used, bringing you back to life a month later at some safe spot. You start with one charge, regenerate one charge per month you go without dying, and have"
26,"Tier 3 Powers",pqh4,"(Breaker) Elemental",12,0,"[]",5,0,"You embody some element, whether that is Air, Water, Fire, Earth, Energy, Void, Ice, Electricity, Metal, Iron, Gold, Oxygen, Carbon, Uranium, or whatever, you embody it. Your personality shifts toward"
26,"Tier 3 Powers",go6q,"(Breaker) Reconstruction",14,0,"[]",5,0,"Whenever you enter a breaker state, you fully, and painlessly, heal. This also removes the effects of Masters and Strangers. You can enter a glowing breaker state where you emit blinding amounts of li"
26,"Tier 3 Powers",fmwg,"(Breaker) Friction",15,0,"[]",5,0,"You can instantaneously alter the friction of yourself, anything you're touching, or anything within 5 centimeters of something you're touching. You can increase or decrease the coefficients of static"
26,"Tier 3 Powers",n7uv,"(Master) Geas",1,0,"[]",5,0,"If a consensual contract is agreed upon, without coercion or Master effects involved, though bribery is fine, all parties must follow through. All parties must be aware of the power. This power works "
26,"Tier 3 Powers",t5bk,"(Master/Thinker) Confetti",4,0,"[]",5,0,"You have extremely fine telekinetic control over all scraps of paper smaller than a square inch within 100 meters. I suggest you get a paper shredder. You also have an unlimited capacity to multitask."
26,"Tier 3 Powers",rk8k,"(Master/Tinker/Trump) Love Potion",4,0,"[]",5,0,"You can make potions/chemicals that have a number of weak effects. They can be poisonous, heal small wounds, increase natural regeneration by 100%, act as steroids without the downsides, cause emotion"
26,"Tier 3 Powers",qmoi,"(Master/Thinker) Rodent King",5,0,"[]",5,0,"You have total control of the minds of any and all rodents within about 3 city blocks. You also have an unlimited capacity to multitask."
26,"Tier 3 Powers",2e0t,"(Master/Thinker) Instinct",6,0,"[]",5,0,"You can cause a target to have a ""gut"" feeling about a particular subject, You can influence what this gut feeling will be, but you can't completely control it."
26,"Tier 3 Powers",fq6b,"(Master) Red Strings",7,0,"[]",5,0,"With repeated exposure you can make people think of others in certain ways. This power only activates when you, the person you're effecting, and the person you want to change what they think about are"
26,"Tier 3 Powers",5mks,"(Master) Technopathy",8,0,"[]",5,0,"You can control any electronic within 200 meters of yourself and become a genius when it comes to coding. You can hack into electronics farther than 200 meters from you as long as you're using an elec"
26,"Tier 3 Powers",k4ei,"(Master) Kage no Bunshin",8,0,"[]",5,0,"You can create fragile clones of yourself. Their durability it low and their copies of your powers weaken the more clones you have. At one clone, its power will be half as strong as yours, at 100 they"
26,"Tier 3 Powers",399l,"(Master) Love at First Sight",8,0,"[]",5,0,"You can make one person at a time fall deeply in love with you. They can realize they're being Mastered, and their reaction to this depends on their personality, the situation, and their past interact"
26,"Tier 3 Powers",jfkd,"(Master) Friendbringers",12,0,"[]",5,0,"You gain control of three small creatures that each have two powers that each cost at most 5 SP. They're also very durable, strong, and fast. If one of them dies they'll be replaced by a new, similar "
26,"Tier 3 Powers",p6jc,"(Master) Golem",13,0,"[]",5,0,"You can animate statues of creatures, humans, or animals. Their abilities are based on the creature the statue was based on. No matter what their durability is that of the material they're formed from"
26,"Tier 3 Powers",3vmt,"(Master) Hive Mind",15,0,"[]",5,0,"You can create one perfect clone of yourself each day. All your clones are part of a Hive Mind under your control, meaning you all share your consciousnesses with each other, with you being in charge "
26,"Tier 3 Powers",0u3s,"(Master) Khepri",15,0,"[]",5,0,"You have absolute control of the bodies and powers of every carbon based lifeform within 10 meters of yourself, as well as an unlimited ability to multitask. This power extends through portals. You wi"
26,"Tier 3 Powers",ui8c,"(Tinker) Jack of All Trades",2,0,"[]",5,0,"You're not a real Tinker, instead you know how to make anything that can be made in a mundane manner. "
26,"Tier 3 Powers",7tda,"(Tinker) Detection and Analysis",3,0,"[]",5,0,"You can create things that detect, find, or analyze other things. "
26,"Tier 3 Powers",nmu7,"(Tinker) Repair",3,0,"[]",5,0,"You can repair, maintain, and use any Tinkertech you find. You can also combine Tinkertech into something that combines the functions of the two inventions. Any Tinkertech you repair or maintain will,"
26,"Tier 3 Powers",tjz1,"(Tinker) Swords",5,0,"[]",5,0,"You can create sci-fi swords, halberds, spears, and other melee weapons. A sword made by you might be able to truly damage an Endbringer. If used by a Brute, it might even kill one... with a lucky hit"
26,"Tier 3 Powers",az0n,"(Tinker) Guns",7,0,"[]",5,0,"You can create advanced guns, though nothing that can't be transported on a non-brute person. If you gave a Sniper Rifle you made enough time to charge, say about 10 minutes, you could probably damage"
26,"Tier 3 Powers",agi7,"(Tinker) Robots",8,0,"[]",5,0,"You can create robots, though by default they can't have any more than a (relatively) simple AI. I recommend you get other Tinker powers to use with this, because otherwise all you have is a bunch of "
26,"Tier 3 Powers",uzve,"(Tinker/Trump) Enchantment",9,0,"[]",5,0,"You can enchant weapons with non-Tinker powers as long as you're within 100 meters of the person with the power you're using for the entire duration of when you're making the weapon. If they leave the"
26,"Tier 3 Powers",cws8,"(Tinker) Fortifications and Artillery",11,0,"[]",5,0,"Your specialty is the making of anything that cannot be easily moved. If you had a couple good shots, you could probably kill an Endbringer with one of your guns."
26,"Tier 3 Powers",woqj,"(Tinker) Reproduction",12,0,"[]",5,0,"You can reproduce the technology of any other Tinker. You can only reproduce technology you've analyzed. Any Tinkertech you've analyzed will be easier to convert to real tech, but only mildly so."
26,"Tier 3 Powers",9sey,"(Tinker) Self-Alteration",12,0,"[]",5,0,"You are a Bio-Tinker/Protestician Hybrid that is focused on self-improvement. While similar to Bonesaw's power, both of you would be able to learn a lot from each other, though both of you would proba"
26,"Tier 3 Powers",ue1o,"(Tinker/Master) Nanobots",13,0,"[]",5,0,"You can create robots as well as a headset to mentally control them. Your robots can make robots as well. There is no maximum or minimum size to your robots... well, they can't go subatomic, but that'"
26,"Tier 3 Powers",bfmo,"(Tinker) Nuclear",14,0,"[]",5,0,"You are a nuclear Tinker. 'Nugh said. "
26,"Tier 3 Powers",6oda,"(Tinker) Code",15,0,"[]",5,0,"You are a genius when it comes to Code. You could make AI the would revolutionize the world... if they didn't destroy it. Be careful with this power... if only there was a benevolent AI that could hel"
26,"Tier 3 Powers",9fph,"(Blaster) Epilepsy",1,0,"[]",5,0,"Anyone you hit with this blast will start getting migraines and seeing flashing colors. The blast hits with the force of a strong punch and travels at twenty miles per hour. This can temporarily stop "
26,"Tier 3 Powers",lzyw,"(Blaster) Unlimited Ammo Works",2,0,"[]",5,0,"As long as you have at least one projectile left, you will never run out. You can create phantasmal copies of your ammo that work just as well as the original, though they do dissipate 10 seconds afte"
26,"Tier 3 Powers",vp1e,"(Blaster/Master) Earworm",3,0,"[]",5,0,"Not only do your blasts hit with a good amount of kinetic energy, at most as strong as the strongest kick you could give, they also get ideas stuck in the victim's head. You can selectively blast some"
26,"Tier 3 Powers",4gag,"(Blaster) Hookshot",3,0,"[]",5,0,"You can shoot a blast of energy that, if it hits an opponent, forces them toward you at about 5 miles per hour."
26,"Tier 3 Powers",44jp,"(Blaster) Blaster",4,0,"[]",5,0,"You can release bullets from your hand, about at the rate of a M16. The bullets are homing, going after whoever you choose as the target. The longer they home the slower the bullets go."
26,"Tier 3 Powers",n0p3,"(Blaster) Lightningrod",6,0,"[]",5,0,"You can make it lightning strike someone, even if it's a sunny day. This power has a recharge of three minutes. This lightning is as strong as natural lightning, and is stronger than the lightning cre"
26,"Tier 3 Powers",evl6,"(Blaster) Firebender",6,0,"[]",5,0,"You are a firebender, you can manipulate and create fire through the use of martial arts. You find learning how to firebend to be intuitive. Eventually you'll be able to bend lightning and maybe even "
26,"Tier 3 Powers",7n74,"(Blaster/Shaker) Waterbender",8,0,"[]",5,0,"You are a waterbender, you can manipulate water through the use of martial arts. You find learning how to waterbend to be intuitive. Eventually you will be able to use water to heal. You'll also be ab"
26,"Tier 3 Powers",gqh7,"(Blaster) Solar",10,0,"[]",5,0,"You can absorb and store sunlight to turn into blasts or lasers at a later time. Your maximum capacity is a blast as powerful as twenty thermonuclear missiles, but you'd likely need help to achieve th"
26,"Tier 3 Powers",u871,"(Blaster) Worship",12,0,"[]",5,0,"The more people that follow you, the stronger this power is. With no follows, this power does nothing, with one power it's as strong as a bullet. To calculate the power of the blast, multiply the amou"
26,"Tier 3 Powers",vr7c,"(Blaster) Broken Phantasm",12,0,"[]",5,0,"Any projectile you fire, no matter the mass or size, will end up exploding on impact and hitting at at least Mach 4 (The fastest sniper rifle shoots at about Mach 6). Keep in mind to adjust your aim, "
26,"Tier 3 Powers",ccy1,"(Blaster/Trump) Metronome",12,0,"[]",5,0,"You have three varieties of blast you can fire. The moment you fire a power you'll be able to set the specifics, assuming any need to be set. For example, if you fired the Gravity Shaker power, you'd "
26,"Tier 3 Powers",gugn,"(Blaster) Mythical",14,0,"[]",5,0,"You can release elemental blasts with the power of a nuclear missile, without any of the radiation. Well, unless your chosen element was radioactive. "
26,"Tier 3 Powers",pqji,"(Thinker) X-Ray and Vav",2,0,"[]",5,0,"You can see using comic-book x-ray vision, infrared, and in ultraviolet."
26,"Tier 3 Powers",czhr,"(Thinker) Byakugan",3,0,"[]",5,0,"You have total awareness within 30 meters of yourself. Your awareness only extends to anything that's been within 30 meters of yourself for over a hundredth of a second."
26,"Tier 3 Powers",gnqu,"(Thinker) Skilled",3,0,"[]",5,0,"You are as skilled in the use of any tool or machine you've touched within the last five minutes as a professional, though not quite as much as a master."
26,"Tier 3 Powers",l8f2,"(Thinker) One or the other",5,0,"[]",5,0,"You can correctly answer any question that is yes/no, true/false, or a/b and more than 100 people know the correct answer to it on the planet. You also know if the answer leans heavily in one directio"
26,"Tier 3 Powers",gkyf,"(Thinker) Schroedinger",7,0,"[]",5,0,"You can see five visions that start the moment you began the vision to five minutes later, each with a different choice you choose before starting the vision, and can choose which route you wish to ta"
26,"Tier 3 Powers",4lsv,"(Thinker) Retroactive Empath",7,0,"[]",5,0,"You can read the history of any object the is personally/emotionally valuable to someone."
26,"Tier 3 Powers",pc3h,"(Thinker) Snap",7,0,"[]",5,0,"With a single glance you can tell all of a person's mental and emotional weak points. This doesn't help you leverage them."
26,"Tier 3 Powers",i2i8,"(Thinker) My Eyes are Your Eyes",9,0,"[]",5,0,"By touching someone you can permanently use any of their senses, including Parahuman senses. This works on animals, humans, Parahumans, Endbringers, and Entities."
26,"Tier 3 Powers",9740,"(Thinker) Glimpse",10,0,"[]",5,0,"You constantly see 10 seconds into the future. You can turn this off at will, but it'll turn back on if you're going to get seriously injured within the next ten seconds."
26,"Tier 3 Powers",o1y0,"(Thinker) Oracle of Delphi",10,0,"[]",5,0,"You can tell prophecies in the form of poems that can tell the future. These futures CAN be changed. If no party who hears a prophecy tries to change it, it will happen. This power's only blindspot is"
26,"Tier 3 Powers",s097,"(Thinker) Weakspot",10,0,"[]",5,0,"You know the weakness of anyone or anything you see. You don't necessarily know how to leverage that weakness, though. For example, when looking at Alexandria you'll see that she's vulnerable to drown"
26,"Tier 3 Powers",807u,"(Thinker) Plans within Plans",12,0,"[]",5,0,"You are amazing at making plans. However, the longer term and more complicated the plan you want to make, the longer it takes to make the plan. If your plan is going to take a whole century to complet"
26,"Tier 3 Powers",af9x,"(Thinker) Respawn",14,0,"[]",5,0,"You can retrieve your memories from the future until the next point you either die or run into a blindspot."
26,"Tier 3 Powers",u43h,"(Striker) Knockout",1,0,"[]",5,0,"When you touch someone, you can mark them. But touching that mark again, you can apply a number of effects on them. You can paralyze them for 15 minutes, put them to sleep, or dull their senses. The e"
26,"Tier 3 Powers",vnws,"(Striker) Hardlight",3,0,"[]",5,0,"You can form hard light constructions with a thought. You can have no more than 10 cubic meters of hard light at any one time. There is no limit to complexity if you can keep the blueprint memorized."
26,"Tier 3 Powers",mw65,"(Striker) Stop!",4,0,"[]",5,0,"You can make it so anything that touches you over a certain velocity will suddenly lose all their velocity when they touch you. This is automatic."
26,"Tier 3 Powers",743x,"(Striker) Vibranium",5,0,"[]",5,0,"By touching metal, you can turn it into Vibranium, a nearly invulnerable material that also acts as a near-perfect shock absorber. The better quality the material, the stronger and better at absorbing"
26,"Tier 3 Powers",m82l,"(Striker/Master) Forget me yes",6,0,"[]",5,0,"Whoever you touch will forget everything that happened within the last 24 hours."
26,"Tier 3 Powers",99v2,"(Striker/Trump) Perk",7,0,"[]",5,0,"With a touch, you can give people up to 8 copies of your perks or drawbacks, as long as they make sense to be something that can be given. For example, Endbringer Target could be given, but Overcharge"
26,"Tier 3 Powers",6yuc,"(Striker) Wither",8,0,"[]",5,0,"Anything you touch starts to decay, rot, and/or age at an increased rate. A minute of this on an object would be equivalent to a century, on something dead it would be equivalent to a decade, and on a"
26,"Tier 3 Powers",o19d,"(Striker/Trump/Thinker) Chi Blocking",8,0,"[]",5,0,"You have an instinctive knowledge of a pseudospiritual energy that flows through peoples' bodies. You can instinctively tell how this energy flows through their bodies. By imbuing your hands with this"
26,"Tier 3 Powers",h38m,"(Striker/Master) Body-Swap",8,0,"[]",5,0,"If you touch someone, you can swap bodies with them. All powers aside from this one swap. If you touch two people, you can swap them instead."
26,"Tier 3 Powers",r7vx,"(Striker) Tactile Telekinesis",8,0,"[]",5,0,"You have telekinetic control over yourself and everything within one inch of yourself. Your control is very fine. You can make yourself go up to 120 mph with this. "
26,"Tier 3 Powers",febv,"(Striker/Brute) Stop! Hammer Time.",9,0,"[]",5,0,"You can pull a hammer out of hammer space and hit someone hard enough to send them flying. No matter what this won't seriously harm them, though it may incapacitate them for a time. The hammer is a pe"
26,"Tier 3 Powers",9c3r,"(Striker) 1000 Degree Knife",10,0,"[]",5,0,"Your body isn't 1000 degrees... it's 10000 degrees Fahrenheit, a little over the temperature of the sun's surface. Your temperature won't interact with the air unless you want it to, and can be turned"
26,"Tier 3 Powers",27qv,"(Striker) Vector Alteration",10,0,"[]",5,0,"With a touch you can change the direction of anything that touches you. It remains at the speed it was going prior to you touching it, only its direction has changed."
26,"Tier 3 Powers",9x20,"(Striker) Death Touch",10,0,"[]",5,0,"If you touch someone and you want them dead, they're dead. This only works on humans."
26,"Tier 3 Powers",nhgo,"(Striker) Redistribution of Pain",10,0,"[]",5,0,"You can absorb damage done to living beings (including yourself) or objects, healing or repairing them, and store that damage in a battery of sorts. You can then give that damage, or a fraction of tha"
26,"Tier 3 Powers",x85f,"(Striker) Reinforcement",12,0,"[]",5,0,"You can make an object stronger, more durable, and better at its purpose than it was before. However, you need to be careful when doing this, doing it improperly can result in damage to the object. Yo"
26,"Tier 3 Powers",w67q,"(Striker) Clockstopper",12,0,"[]",5,0,"With a touch, you can freeze any object or person in time for a maximum of 15 minutes. At any time you can unfreeze any frozen object, but after 5 minutes it will get more and more likely to unfreeze "
26,"Tier 3 Powers",ni6o,"(Changer) Beauty",2,0,"[]",5,0,"You take on the form of whatever you find most attractive. While this doesn't give you any additional supernatural powers, it does give you a matching set of biology that could sustain that form."
26,"Tier 3 Powers",5j0z,"(Changer) Self-Petrification",3,0,"[]",5,0,"You can transform yourself into a durable stone-like material. You can still move in this form, but you're slower and less flexible. You're stronger though."
26,"Tier 3 Powers",64z4,"(Changer/Stranger) Human Shapeshift",4,0,"[]",5,0,"You can shapeshift into any possible human form, regardless of sex, appearance, or physique. This doesn't effect your internals, aside from muscle mass. This can transform away Case 53."
26,"Tier 3 Powers",jk0h,"(Changer/Blaster/Brute) Dinosaur",6,0,"[]",5,0,"You can transform into any non-supernatural animal from any planet you've been to."
26,"Tier 3 Powers",985a,"(Changer/Trump) Kirby",7,0,"[]",5,0,"You transform into a pink ball-like creature that can suck things up into its mouth. Anything that isn't food that gets absorbed can be turned into a powerset. The powers in these powersets aren't as "
26,"Tier 3 Powers",ccx7,"(Changer/Trump) It's a me, a Mario!",8,0,"[]",5,0,"You have a number of forms you can transform into at will, based on the Mario power-ups. Each power-up has a cooldown that begins after your power-up runs out. The more powerful a power-up, the longer"
26,"Tier 3 Powers",j84x,"(Changer/Trump) Slime",8,0,"[]",5,0,"You can turn into a slime, a creature made of semi-solid acid that can turn into liquid with a thought. The acid is very corrosive. You can also transform your shape, though your color, texture, and c"
26,"Tier 3 Powers",ox1e,"(Changer) Forest",10,0,"[]",5,0,"You can transform into a forest. You have complete control over the plants and (non-sentient) animals in the forest. You can choose the layout for the forest when you first turn into it. The forest is"
26,"Tier 3 Powers",b8h1,"(Changer) Self-Biokinesis",11,0,"[]",5,0,"You have total control over your internal biology and appearance. This can only transform away Case 53 if you mess with your Corona Pollentia and Corona Gemma so that they don't turn you back into a C"
26,"Tier 3 Powers",yef4,"(Changer/Shaker/Master) Dungeon Core",12,0,"[]",5,0,"You can transform into a Dungeon Core that has control over a Dungeon. A Dungeon starts as just a room with a core in it, but with resources it can expand. The Dungeon can use resources to make monste"
26,"Tier 3 Powers",eu9q,"(Changer/Blaster/Brute/Master) Bowser",14,0,"[]",5,0,"You can transform into a bipedal Anklyosaurus that can breath fire. You're moderately more durable and powerful than an actual historical Anklyosaurus and can regenerate at a moderate pace. You can al"
26,"Tier 3 Powers",7ttn,"(Changer) Lung? Hah! I'm the real dragon here.",14,0,"[]",5,0,"You can transform into mythical creatures. Your maximum size is that of New York City.. incidentally, you'd need to be that size and a Dragon if you wanted to kill an Endbringer, though you'd likely d"
26,"Tier 3 Powers",cx7u,"(Changer/Trump) Pokemon",14,0,"[]",5,0,"You can transform into any non-legendary or mythical Pokemon. The descriptions of Pokemon found in Pokedex entries are ignored. Metagross isn't as smart as a supercomputer, Alakazam doesn't have an IQ"
26,"Tier 3 Powers",rc6i,"(Trump) Power Sight",4,0,"[]",5,0,"You can see what powers someone has, as well as if they're actively using it."
26,"Tier 3 Powers",2vjs,"(Trump) Powerswap",4,0,"[]",5,0,"You can swap the powers of any two Parahumans for an hour. No matter what complicated web of power swapping you do, eventually everyone will have their original power back. You can choose whether they"
26,"Tier 3 Powers",82sh,"(Trump) Fae Court",6,0,"[]",5,0,"You can copy a 50% weaker version of any Parahuman's powerset if they're within 150 meters of you. You keep this powerset for an hour after they leave you range."
26,"Tier 3 Powers",eg0c,"(Trump) Copycat",7,0,"[]",5,0,"You receive a full-power copy of the power of any Parahuman that you touch for an hour."
26,"Tier 3 Powers",7j1e,"(Trump) Redirection",7,0,"[]",5,0,"If you are aware of an incoming Parahuman attack, you can redirect it back at the sender of the power. If they're actively manipulating whatever you're countering, they lose control over that attack w"
26,"Tier 3 Powers",4m5v,"(Trump) Fluctuation",10,0,"[]",5,0,"You can alter the strength of any Parahuman's powers if they come within 50 meters of you. This effect lasts fifteen minutes after they leave your range. You can weaken their power to 50% its usual st"
26,"Tier 3 Powers",0ljl,"(Trump) Immunity",10,0,"[]",5,0,"After a power is directly used on you, you will become immune to it. This doesn't work on Thinker and Stranger powers. You can allow a power to be used on you if you consent."
26,"Tier 3 Powers",hqw9,"(Trump) Fighting makes me stronger!",12,0,"[]",5,0,"You get a permanent copy of any Parahuman's power if you beat them in battle, mock or real. You can only use one of these powers at a time and it takes ten minutes to switch powers."
26,"Tier 3 Powers",ldpj,"(Trump) Nope!",12,0,"[]",5,0,"You can turn off anyone's power with a touch. However, you can only do this with one person at a time. Useful if you need to make sure someone arrives at the Birdcage though. There is no time limit on"
26,"Tier 3 Powers",a53v,"(Trump) Santaclause",12,0,"[]",5,0,"With a touch you can give anyone any one of the first first row powers for each power classification (Blaster, Mover, Brute, etc.). You can do this to 12 people at a time."
26,"Tier 3 Powers",k1xt,"(Trump) Soulmate",12,0,"[]",5,0,"You can give a copy of all of your powers and power related boons to one person. You can change who this person is on a whim; the person doesn't even need to be on the same continent. The person doesn"
26,"Tier 3 Powers",81j1,"(Trump) Trade!",14,0,"[]",5,0,"You can permanently swap the powers of two people you're touching. This has to be a 1:1 trade, so if you were touching Alexandria you could take her mental power and give back Captain America, as an e"
26,"Tier 3 Powers",wks1,"(Trump/Shaker) Don't mess with a white mage",15,0,"[]",5,0,"Within 20 meters of yourself, you can cast one effect every 5 seconds. With the exception of Eldritch Blast, these effects can be cast discretely. You cannot cast any of these effects on yourself. All"
26,"Tier 3 Powers",vl5k,"(Stranger) Again, Sherlock?",2,0,"[]",5,0,"If you fake your death, everyone will believe it, unless it's very obviously faked. "
26,"Tier 3 Powers",sd82,"(Stranger) Vocals",3,0,"[]",5,0,"You can mimic any voice you've ever heard perfectly. You also have perfect pitch."
26,"Tier 3 Powers",led1,"(Stranger) Mime",5,0,"[]",5,0,"You can make it so you can't be smelled or heard. You're still visible. You can extend this effect to anything within 8 meters (26 feet) of yourself."
26,"Tier 3 Powers",ijd6,"(Stranger) Average Joe",5,0,"[]",5,0,"You blend in with any nearby crowds. Unless they're already on edge, any group you join won't realize you don't belong."
26,"Tier 3 Powers",la20,"(Stranger) New Identity",6,0,"[]",5,0,"All your records are removed from existence, and anyone who didn't either have a Thinker power or know you closely and personally will completely forget you ever existed. How many Thinkers remember yo"
26,"Tier 3 Powers",d2ry,"(Stranger) Stranger Danger? No way? This guy? He's so nice though!",7,0,"[]",5,0,"People will instinctively trust you until you prove them otherwise. Even so, they might justify it to themselves, depending on their personality."
26,"Tier 3 Powers",5uau,"Schrodinger's Asshole",7,0,"[]",5,0,"People will always believe you if you say a suggestion/joke/opinion of yours was a joke and/or not meant to be taken seriously."
26,"Tier 3 Powers",rlg9,"(Stranger) Invisible Woman",7,0,"[]",5,0,"You can turn completely invisible. You can still be smelled, heard, and touched. You can also be tasted."
26,"Tier 3 Powers",ckjl,"(Stranger) Unnoticable",10,0,"[]",5,0,"People won't notice you unless you attack them. You could go the the bathroom on their food, and while they wouldn't eat the food, they wouldn't acknowledge your existence. They will know something is"
26,"Tier 3 Powers",kv7x,"(Stranger) Center of Attention",10,0,"[]",5,0,"Everyone will feel their attention pulled to you. It isn't absolute, but most people wouldn't notice if someone else was being mugged right next to them while this power is active. People who either c"
26,"Tier 3 Powers",uj85,"(Stranger) Boring",12,0,"[]",5,0,"You can, at will, activate a Boring aura which makes it so that everyone feels incredibly bored, restless, and fatigued. "
26,"Tier 3 Powers",l8tj,"(Stranger) Truth",13,0,"[]",5,0,"If you believe what you're saying is the truth, everyone will believe you, unless they have proof you're wrong shoved in their face. If you said the sky was purple, while believing it, looking at the "
26,"Tier 3 Powers",8qam,"(Stranger) Bluff",14,0,"[]",5,0,"People will believe any lie you make. However, the more absurd the lie, the quicker this effect fades. If they see incontrovertible proof you were lying, the effect will snap."
27,"Power Copy",jhsh,"Aegis",4,0,"[]",1,0,"You can adapt to damage and can fly. Your adaption allows you to act as if your body was at peak capacity no matter how much damage has been done to you. You do not feel pain."
27,"Power Copy",xzo0,"Antares",7,0,"[]",1,0,"You have a force field that can block any blow no matter how powerful, but any powerful impact will bring it down for about two seconds, longer if it's a sustained hit. You can fly at almost 80 miles "
27,"Power Copy",9at7,"Assault",3,0,"[]",1,0,"You can control the kinetic energy of yourself and things you touch. You can absorb kinetic energy into a battery of sorts and redistribute that energy later."
27,"Power Copy",gq95,"Armsmaster",9,0,"[]",1,0,"You are a Tinker whose specialization is miniaturization and efficiency."
27,"Power Copy",smz9,"Ballistic",7,0,"[]",1,0,"You can imbue any inorganic object you touch, from ball bearings to automobiles, with kinetic energy, causing it to go flying faster than the speed of sound."
27,"Power Copy",q3c7,"Bakuda",9,0,"[]",1,0,"You are a Tinker whose specialization is explosives. You are able to create bombs with an incredibly wide variety of effects, not all of them lethal. You don't have complete control over what you buil"
27,"Power Copy",ad8i,"Battery",8,0,"[]",1,0,"You can charge up energy, expending it to trade each second of time spent charging for several seconds worth of invulnerability, super strength, super speed and electromagnetic repulsion/attraction."
27,"Power Copy",pmil,"Bitch",4,0,"[]",1,0,"You can empower dogs by giving them symbiotic biological armor that enhances their strength, speed, and durability. It also gives them regenerative abilities, though it doesn't heal old injuries. The "
27,"Power Copy",rnkx,"Bonesaw",14,0,"[]",1,0,"You are a powerful biotinker specializing in medical sciences."
27,"Power Copy",dssh,"Circus",5,0,"[]",1,0,"You have an array of powers including enhanced balance and coordination, a pocket dimension you can use to deposit items and limited pyrokinesis."
27,"Power Copy",ta5o,"Clockblocker",7,0,"[]",1,0,"You can freeze something in time with a touch. It stays frozen for 30 seconds to 10 minutes. You can freeze something with only a fraction of a second of contact."
27,"Power Copy",zwy8,"Coil",7,0,"[]",1,0,"You can use precognition to follow two timelines where you makes different choices."
27,"Power Copy",y8ke,"Cherish",10,0,"[]",1,0,"You have the ability to both know the complex emotions of those in a very large range around yourself, and control emotions within a smaller radius."
27,"Power Copy",2aow,"Crusader",5,0,"[]",1,0,"You can create ghostly duplicates of yourself and your possessions, which pass through inorganic objects, but not organic ones. These ghostly clones cannot use your other powers."
27,"Power Copy",lz2w,"Damsel of Distress",9,0,"[]",1,0,"You can create conical blasts of warped space that will destroy anything inside. You don't have full control over your power and your blasts have enough recoil to launch you backwards."
27,"Power Copy",ljdq,"Dauntless",9,0,"[]",1,0,"You can put charges into items to give them powers. This slowly makes them more powerful. Active combat speeds up the collection of charges."
27,"Power Copy",9dwj,"Dinah Alcott",11,0,"[]",1,0,"You can predict the future as percentages. Doing so too much will give you headaches."
27,"Power Copy",4q60,"Faultline",5,0,"[]",1,0,"You have the ability to separate molecular bonds in any non-living material to make holes or cuts by touching it."
27,"Power Copy",3o0x,"Flechette/Foil",10,0,"[]",1,0,"You can infuse nonliving objects with the ability to ignore select laws of physics, including the ability to go through anything. You also have an intuitive understanding of angles and trajectories as"
27,"Power Copy",wpoe,"Fog",7,0,"[]",1,0,"You can turn into living fog that erodes living matter while it is inside. You can shift as much or as little of your body as you wish into a gaseous entity. You can also control your solidity."
27,"Power Copy",bcj3,"Gallant",4,0,"[]",1,0,"You can see emotions and can shoot emotion blasts. The stronger the emotion you're blasting, the more force comes with it."
27,"Power Copy",nho5,"Glory Girl",5,0,"[]",1,0,"You have a force field that can block any blow no matter how powerful, but any powerful impact will bring it down for about two seconds, longer if it's a sustained hit. You can fly at almost 80 miles "
27,"Power Copy",iqqe,"Grue",6,0,"[]",1,0,"You can create a smoke-like darkness that erases all light and sound. It also weakens or temporarily removes some powers. Additionally, you can copy the powers of Parahumans inside your darkness, thou"
27,"Power Copy",uscx,"Golem",5,0,"[]",1,0,"You can embed your limbs into a surface to project a larger version of your limbs some distance away on a similar surface."
27,"Power Copy",tipt,"Imp",11,0,"[]",1,0,"You are incredibly hard to notice when your power is active, to the point of nearly being invisible. It is still possible to detect you through cameras or smell, but it's hard to link that smell to he"
27,"Power Copy",pb8b,"Kaiser",7,0,"[]",1,0,"You can create metal objects that extend from a solid surface around him. The metal can be iron or steel."
27,"Power Copy",r2xj,"Kid Win",7,0,"[]",1,0,"You are a Tinker specializing in modularity."
27,"Power Copy",ma3s,"Labyrinth",12,0,"[]",1,0,"You can superimpose objects and locations from pocket worlds onto the surrounding area. The longer you have been in an area, the greater your range. Your power is affected by your mental state, the le"
27,"Power Copy",5vet,"Lung",9,0,"[]",1,0,"You start as a low level brute but grow stronger and slowly transform into a dragon the longer you fights. You have pyrokinesis and enhanced senses that grow stronger the more you grow."
27,"Power Copy",yipq,"Marquis",5,0,"[]",1,0,"You can manipulate bone. You can grow and shrink your own bones but not other peoples’ bones. You cannot control bones inside of people unless you can see them."
27,"Power Copy",1x6x,"Miss Militia",6,0,"[]",1,0,"You can form weapons from a semi-sentient blue-black blur of energy. These weapons have unlimited ammo and can only be mundane in origin. You also have perfect memory and don't need to sleep."
27,"Power Copy",m7zs,"Myrddin",9,0,"[]",1,0,"You can access a variety of pocket dimensions to banish people, create blasts of wind, collect matter and shoot it as a bullet, fly, and clean up radiation. You can also glimpse how powers work."
27,"Power Copy",yla6,"Newter",4,0,"[]",1,0,"You secrete a hallucinogenic fluid from your skin at all times. You are noticeably tougher, stronger, and faster than a normal human."
27,"Power Copy",b6h8,"Nice Guy",12,0,"[]",1,0,"While this power is active, everyone will think that you're a nice guy. A friendly acquaintance. Even if you stab them in the guts, they wouldn't hold it against you."
27,"Power Copy",uql3,"Night",9,0,"[]",1,0,"You transform into a monster whenever no one is looking at you. While in this form you are incredibly strong, fast, and nearly invincible. Any damage you have taken is healed when you transform."
27,"Power Copy",7cad,"Parian",4,0,"[]",1,0,"You have fine telekinetic control over materials that weigh less than a half-pound. You can infuse porous materials with your power to control larger objects. Human flesh is the best material for your"
27,"Power Copy",etl7,"Panacea",14,0,"[]",1,0,"You have touch-range biokinesis. You can only use this on others, not yourself. You have an instinctual understanding of most biology, but even so, you cannot always understand biological-based Parahu"
27,"Power Copy",74f5,"Precipice",7,0,"[]",1,0,"You can fire blades that create lines on hit surfaces and if that surface is struck it splits along the line. You have a Tinker specialization in frail prosthetic arms. You have an enhanced sense of b"
27,"Power Copy",axa2,"Regent",7,0,"[]",1,0,"You can control other peoples' nervous systems. At first all you can do is make them twitch, but if you're around someone long enough you can control their entire body. The farther away and more peopl"
27,"Power Copy",ei2c,"Rune",5,0,"[]",1,0,"You can telekinetically control objects you trace a rune onto."
27,"Power Copy",y4q3,"Shadow Stalker",4,0,"[]",1,0,"You can enter a shadow-like breaker state in which you are lightweight and capable of phasing through matter. Electricity will harm you in this state."
27,"Power Copy",h94j,"Shatterbird",8,0,"[]",1,0,"You have the ability to manipulate silicon through high-frequency sounds, giving you essentially perfect control over all glass, sand, and other siliceous compounds."
27,"Power Copy",pwit,"Skidmark",4,0,"[]",1,0,"You can create strips of purple repelling energy on surfaces you can see. These strips are one directional, meaning they either accelerate or repel mass depending on which side it entered from."
27,"Power Copy",bytu,"Skitter/Weaver",6,0,"[]",1,0,"You have total control of all arthropods within 3 to 5 blocks as well as infinite multitasking."
27,"Power Copy",8ihy,"Sundancer",9,0,"[]",1,0,"You can create a miniature sun, hundreds or thousands of degrees in temperature, that you can manipulate at will. It takes a few seconds to form a sun. The sun forms in your hands. Temperature within "
27,"Power Copy",ix6e,"Über",2,0,"[]",1,0,"You can master any technique as long as you concentrate. You can only have 1 technique at a time, and you do not have an understanding of the broader skill."
27,"Power Copy",snlc,"Tattletale",7,0,"[]",1,0,"Your power helps you deduce things, often times without sufficient evidence. However, without enough evidence you can get really incorrect answers. You will get headaches if you use this power too muc"
27,"Power Copy",6a7o,"Valefor",13,0,"[]",1,0,"You can induce suggestibility in people by looking at them. You can then implant triggers or orders, including erasing the memory of the suggestion."
27,"Power Copy",lpeb,"Victor",5,0,"[]",1,0,"You are a skill thief, with the ability to absorb the practical expertise of anyone you spend time in the presence of. The skills you can absorb can be increased by things such as eye contact or physi"
27,"Power Copy",7963,"Vista",12,0,"[]",1,0,"You can warp space on a continental scale but living beings interfere with this powers."
28,"Tier 2 Powers",olwh,"(Brute/Shaker/Tinker) Emperor of Man",35,0,"[]",3,0,"You have three abilities 1. You are a mid-level Brute, enough that only the most powerful sniper rifles could pierce your skin. You can lift 15 ton trucks and can even push tanks (though you aren't st"
28,"Tier 2 Powers",l3ed,"(Trump) Power Manipulator",20,0,"[]",3,0,"You have the ability to copy extremely weakened versions of powers off Parahumans and a slot to use those powers with. To copy a Parahuman's power you must get within a meter of them. If you copy the "
28,"Tier 2 Powers",bqul,"(Trump/Breaker/Thinker) The Gamer",20,0,"[]",3,0,"The system of any video game you've played is applied to you. This has to be an actual videogame. It will be adapted to the setting. Pokemon would have you capturing and enslaving/Mastering Parahumans"
28,"Tier 2 Powers",5zy0,"(Thinker) Omniscient",25,0,"[]",3,0,"You can answer any question anyone asks you, except that if you don't have Negentropy you can't answer how to solve/negate entropy. You can ask yourself questions and automatically know the answer to "
28,"Tier 2 Powers",8cpj,"(Trump) Dovahkiin",20,0,"[]",3,0,"You have the powers of the Dovahkiin from Elder's Scrolls V: Skyrim. Any shout the Dovahkiin can learn, you know. With a regeneration power you will have no cooldown between shouts."
28,"Tier 2 Powers",ak39,"(Changer/Trump) Pokemon",30,0,"[]",3,0,"You can transform into ANY Pokemon, including legendaries and mythicals. Pokedex entries still don't apply. When your Shard runs out of juice, you're stuck in whatever form you're in at the time."
28,"Tier 2 Powers",pxsf,"(Brute) Unlimited Potential",18,0,"[]",3,0,"As you train, your body adapts. While you will always look human, you no longer have a glass ceiling stopping you from becoming stronger. As long as your training is strenuous, you will always get str"
28,"Tier 2 Powers",gbd9,"(Shaker) Inviolable",15,0,"[]",3,0,"You can make forcefields with a total surface area across all forcefields of 100 square meters. Nothing can penetrate these. The edges of these forcefields are sharper than anything any Tinker has eve"
28,"Tier 2 Powers",b5vq,"(Master) Endbringer",18,0,"[]",3,0,"You gain control of a custom Endbringer. "
28,"Tier 2 Powers",f0jk,"(Changer) Endbringer",22,0,"[]",3,0,"You can transform into a custom Endbringer. You cannot use your non-Endbringer powers in this form. When your Shard runs out of juice, you're stuck in whatever form you're in at the time."
28,"Tier 2 Powers",0r6j,"(Brute) Endbringer",18,0,"[]",3,0,"You have the body of an Endbringer. While you still look human, your body is extremely dense and has a core. If the core is destroyed, you die. You're very durable, strong, and fast now. All your powe"
28,"Tier 2 Powers",cpi7,"(Thinker) Time-Loop",20,0,"[]",3,0,"You can set yourself into a time loop whenever you want. You can set the start and end time of the loop, and if you die the loop restarts. You can not set the start of the loop earlier than the time t"
28,"Tier 2 Powers",137x,"(Changer) Grimm",18,0,"[]",3,0,"You can transform into any Grimm from Remnant (RWBY). This includes the giant Whale Grimm, but doesn't include Salem. You can detect negative emotions while in your Grimm form. If you have Aura, you c"
28,"Tier 2 Powers",ufrq,"(Thinker) Number Man",15,0,"[]",3,0,"You are good with numbers to a Parahuman degree. You percieve this power as elaborate mathematical notation floating in the air. You can dodge attacks, predict future actions, identify weak points, se"
28,"Tier 2 Powers",yhdr,"(Trump/Master) Butcher",18,0,"[]",3,0,"You have an altered version of the Butcher's power. When you die, you reincarnate into either the last person to attack you or the one that killed you (your choice). You retain all your original power"
28,"Tier 2 Powers",v7ra,"(Blaster/Thinker/Trump/Master) Jack Slash",25,0,"[]",3,0,"You can extend the cutting edge of a bladed object, the longer the edge the farther it extends. Also gives you unconscious feelings in regard to Parahumans and influences other Parahumans' Shards to s"
28,"Tier 2 Powers",oen1,"(Trump) Eidolon",20,0,"[]",3,0,"You have Eidolon's powers without the worthy opponent issue. You can have three somewhat-random powers that you can change at any time you want. These powers can be very powerful. You can switch out q"
28,"Tier 2 Powers",joh4,"(Trump) Fairy Queen",25,0,"[]",3,0,"You have Glaistig Uaine's powerset. With a touch you can kill a Parahuman and steal their power. You can steal their power from their corpse. You can only have three active stolen powers at a time, an"
28,"Tier 2 Powers",j4ms,"(Tinker) Hero",22,0,"[]",3,0,"You have Hero's power. You are a highly versatile Tinker that specializes in wavelength manipulation. This power allows the mimicry of the Entities' Stilling power. "
29,"(Master) Custom Endbringer Powers",y1b9,"Precognition",10,0,"[]",2,0,"Your Endbringer can see every possible future, with the entities as the only blind spot. "
29,"(Master) Custom Endbringer Powers",7dpu,"Telekinesis",10,0,"[]",2,0,"Your Endbringer can control any inanimate matter within 10 miles and is powerful enough to lift every building in a city simultaneously, and fine enough to send a needle through a person's eye."
29,"(Master) Custom Endbringer Powers",247g,"Earth",10,0,"[]",2,0,"Your Endbringer can control the Earth. They can cause Earthquakes, throw boulders, or just lift the earth below a city and flip it upside down."
29,"(Master) Custom Endbringer Powers",03ok,"Copy",10,0,"[]",2,0,"Your Endbringer can copy the power of any Parahuman you know exists or existed. You can have the powers of 3 Parahumans copied at a time. This cannot copy the powers of people who have had their power"
29,"(Master) Custom Endbringer Powers",1ane,"Time",10,0,"[]",2,0,"Your Endbringer can speed or slow time by up to 10000% anywhere within a mile. They can mix and match this as you like."
29,"(Master) Custom Endbringer Powers",sdky,"Gravity",10,0,"[]",2,0,"Your Endbringer can alter gravity anywhere within ten miles. They can make the gravity of an area equal to that of the surface of the sun, though that might start to destroy the planet, so please don'"
29,"(Master) Custom Endbringer Powers",hmb0,"Mind-Control",10,0,"[]",2,0,"Your Endbringer can control the minds of any Parahuman that has been within 5 miles of them for over 10 minutes. Your Endbringer has to actively activate the timer and there is a signifier to everyone"
29,"(Master) Custom Endbringer Powers",94qj,"Summoning",10,0,"[]",2,0,"Your Endbringer can summon corrupted heroes from the Throne of Heroes to fight for them. Some heroes can fight the corruption, but they are few and far between. They can summon no more than ten of the"
29,"(Master) Custom Endbringer Powers",t2h1,"Vaatu",10,0,"[]",2,0,"Your Endbringer has control over all of the elements within three miles of them. These elements are fire, water, air, and earth, not the ones on the periodic table."
29,"(Master) Custom Endbringer Powers",9tus,"Dynakinesis",10,0,"[]",2,0,"Your Endbringer can redirect any energy that comes in contact with them, if they are aware of it coming. This includes kinetic energy."
29,"(Master) Custom Endbringer Powers",gfd6,"Flash",5,0,"[]",2,0,"Your Endbringer is moderately faster than the other Endbringers."
29,"(Master) Custom Endbringer Powers",24e4,"Saitama",5,0,"[]",2,0,"Your Endbringer is moderately stronger than the other Endbringers."
30,"(Master) Custom Endbringer Appearance",key6,"Small",0,0,"[]",0,0,"Less than 10 cubic meters in size."
30,"(Master) Custom Endbringer Appearance",z5r3,"Large",0,0,"[]",0,0,"Between 10 and 50 cubic meters in size."
30,"(Master) Custom Endbringer Appearance",i67r,"Huge",0,0,"[]",0,0,"Over 50 cubic meters in size."
30,"(Master) Custom Endbringer Appearance",o618,"Humanoid",0,0,"[]",0,0,"Anywhere from human to vaguely humanoid or bipedal."
30,"(Master) Custom Endbringer Appearance",s3mv,"Monsterous",0,0,"[]",0,0,"Resembles a monster, maybe even one of myth."
30,"(Master) Custom Endbringer Appearance",bzdz,"Beastlike",0,0,"[]",0,0,"Resembles an animal or arthropod. This can be a vague resemblance."
31,"(Changer) Custom Endbringer Powers",oxs1,"Precognition",10,0,"[]",0,0,"Your Endbringer form can see every possible future, with the entities as the only blind spot. "
31,"(Changer) Custom Endbringer Powers",y4i6,"Telekinesis",10,0,"[]",0,0,"Your Endbringer form can control any inanimate matter within 10 miles and is powerful enough to lift every building in a city simultaneously, and fine enough to send a needle through a person's eye."
31,"(Changer) Custom Endbringer Powers",09rr,"Earth",10,0,"[]",0,0,"Your Endbringer form can control the Earth. They can cause Earthquakes, throw boulders, or just lift the earth below a city and flip it upside down."
31,"(Changer) Custom Endbringer Powers",hmie,"Copy",10,0,"[]",0,0,"Your Endbringer form can copy the power of any Parahuman you know exists or existed. You can have the powers of 3 Parahumans copied at a time. This cannot copy the powers of people who have had their "
31,"(Changer) Custom Endbringer Powers",0n7j,"Time",10,0,"[]",0,0,"Your Endbringer form can speed or slow time by up to 10000% anywhere within a mile. They can mix and match this as you like."
31,"(Changer) Custom Endbringer Powers",vpbp,"Gravity",10,0,"[]",0,0,"Your Endbringer form can alter gravity anywhere within ten miles. You can make the gravity of an area equal to that of the surface of the sun, though that might start to destroy the planet, so please "
31,"(Changer) Custom Endbringer Powers",fzfu,"Mind-Control",10,0,"[]",0,0,"Your Endbringer form can control the minds of any Parahuman that has been within 5 miles of them for over 10 minutes. Your Endbringer form has to actively activate the timer and there is a signifier t"
31,"(Changer) Custom Endbringer Powers",qvxy,"Summoning",10,0,"[]",0,0,"Your Endbringer form can summon corrupted heroes from the Throne of Heroes to fight for them. Some heroes can fight the corruption, but they are few and far between. You can summon no more than ten of"
31,"(Changer) Custom Endbringer Powers",zche,"Vaatu",10,0,"[]",0,0,"Your Endbringer form has control over all of the elements within three miles of them. These elements are fire, water, air, and earth, not the ones on the periodic table."
31,"(Changer) Custom Endbringer Powers",u3r8,"Dynakinesis",10,0,"[]",0,0,"Your Endbringer form can redirect any energy that comes in contact with them, if they are aware of it coming. This includes kinetic energy."
31,"(Changer) Custom Endbringer Powers",i8lx,"Flash",5,0,"[]",0,0,"Your Endbringer form is moderately faster than the other Endbringers."
31,"(Changer) Custom Endbringer Powers",5r2t,"Saitama",5,0,"[]",0,0,"Your Endbringer form is moderately stronger than the other Endbringers."
32,"(Changer) Custom Endbringer Appearance",4buc,"Small",0,0,"[]",0,0,"Less than 5 cubic meters in size."
32,"(Changer) Custom Endbringer Appearance",zq44,"Large",0,0,"[]",0,0,"Between 5 and 50 cubic meters in size."
32,"(Changer) Custom Endbringer Appearance",3icc,"Huge",0,0,"[]",0,0,"Over 50 cubic meters in size."
32,"(Changer) Custom Endbringer Appearance",481t,"Humanoid",0,0,"[]",0,0,"Anywhere from human to vaguely humanoid or bipedal."
32,"(Changer) Custom Endbringer Appearance",4sqf,"Monsterous",0,0,"[]",0,0,"Resembles a monster, maybe even one of myth."
32,"(Changer) Custom Endbringer Appearance",k4gb,"Beastlike",0,0,"[]",0,0,"Resembles an animal or arthropod. This can be a vague resemblance."
33,"Tier 1 Powers",ypm0,"(Blaster/Striker) Sting",25,0,"[]",1,0,"You can infuse anything you can touch, any projectile you fire, or any power you manifest, with the ability to ignore select laws of physics, including the ability to pass through anything. These will"
33,"Tier 1 Powers",sful,"(Trump) Oberon/Titania",35,0,"[]",1,0,"You can gain a permanent copy of the power of any Parahuman you touch. This works on the substance in Cauldron Vials and the Garden of Eden too, though adapted for human use. You can only have five of"
33,"Tier 1 Powers",w6xe,"(Brute/Breaker) Immortal",30,0,"[]",1,0,"You are immortal, invulnerable, inviolable. You no longer age. Until your power runs out of juice, you cannot die. The exception to this is if your Corona Pollenta and Corona Gemma are near-simultaneo"
33,"Tier 1 Powers",sls0,"(Shaker) It Gets Worse",40,0,"[]",1,0,"There are few things that can harm you. Not because you're an ultra Brute or so fast you can't get hit. No, you have impossible luck. No one harms you because they get hurt or humiliated or even kille"
33,"Tier 1 Powers",ri0t,"(Mover) Door Me",25,0,"[]",1,0,"You can make portals to anywhere you've seen since triggering, even if only through pictures or videos. As many as you want, and anything that passes through one keeps all its momentum. "
33,"Tier 1 Powers",67nt,"(Shaker) And the Void Stares Back",35,0,"[]",1,0,"Your whole body is a door to a pocket dimension. Your surface is a semipermeable membrane, you can choose what can pass and what can't. You can shift your shape, and using materials similar to skin, y"
33,"Tier 1 Powers",3qqm,"(Tinker) Revolution",20,0,"[]",1,0,"You can remove black boxes from Tinkertech so that it can be analyzed completely by mundane scientists. If you analyze Masamune's mass production technology, you might be able to mass produce real-tec"
33,"Tier 1 Powers",974r,"(Brute) Avalon",30,0,"[]",1,0,"You regenerate near instantaneously, are far more durable than you otherwise would, have unlimited stamina, have no limits when it comes to how strong you can become through training, are beloved by n"
33,"Tier 1 Powers",g2oz,"(Thinker) Vision",35,0,"[]",1,0,"You can simulate any scenario you can come up with. You can alter the scenario with a thought, and you are protected from any mental affects that occur to your in-simulation self, including insanity, "
33,"Tier 1 Powers",u8po,"(Shaker) Cast",30,0,"[]",1,0,"You have internal energy that you can use to summon things. The more energy you have, the longer you have gone without summoning, and the more you've slept, the more energy you can spend on a summon. "
34,"(Shardless) One Pointers",e2an,"Mover",1,0,"[]",0,0,"It takes a third of the time it would otherwise for you to react to stimuli. The average human can react in 0.2 seconds, with the fastest being 0.09 seconds. If you had average human reflexes, your re"
34,"(Shardless) One Pointers",fhr6,"Shaker",1,0,"[]",0,0,"You're able to exert up to a maximum of 1 pound of force total on objects within 50 meters of you. The 1 pound of force has to be spread between any objects you're using this power on."
34,"(Shardless) One Pointers",47pj,"Brute",1,0,"[]",0,0,"You can access all your strength at any time, allowing you to perform feats that normally could only be done when on an adrenaline high. This can cause damage to your muscles and bones. You are guaran"
34,"(Shardless) One Pointers",k345,"Breaker",1,0,"[]",0,0,"You can change the temperature of your body to -50 degrees Celsius to 100 degrees Celsius with no negative effects to yourself."
34,"(Shardless) One Pointers",u6x2,"Master",1,0,"[]",0,0,"People are more likely to monologue when in your presence. This can be turned off at will."
34,"(Shardless) One Pointers",mv7e,"Tinker",1,0,"[]",0,0,"When you're coming up with blueprints, your mental gaps will be filled by your unconscious mind as long as you have the prerequisite knowledge to come to the conclusion yourself given enough time. Als"
34,"(Shardless) One Pointers",dy7h,"Blaster",1,0,"[]",0,0,"You have perfect aim."
34,"(Shardless) One Pointers",ojin,"Thinker",1,0,"[]",0,0,"You know how to cold read. "
34,"(Shardless) One Pointers",2r4f,"Striker",1,0,"[]",0,0,"You can reduce the friction by up to 50% on any object you touch with a total of 1 square meter of material. You can cancel this on any object at will."
34,"(Shardless) One Pointers",1gay,"Changer",1,0,"[]",0,0,"You control the length and strength of your hair. You could become Rapunzel in minutes, and could give your hair the tensile strength of steel. "
34,"(Shardless) One Pointers",kpwp,"Trump",1,0,"[]",0,0,"You know when superpowered individuals are nearby and have a one-word generalization of their power, and what type of power they have (Magecraft, Parahuman, Mutant, Quirk, etc.)."
34,"(Shardless) One Pointers",sfkh,"Stranger",1,0,"[]",0,0,"People will initially come to the conclusion you're weak and that they could defeat you easily. This can be toggled on/off at will."
35,"(Multi-Pointer) Shardless Powers",1527,"Aura",15,0,"[]",0,0,"You have the power of Aura, from RWBY. You can gift the power of Aura to others if you can figure out how. Aura will absorb most damage done by any physical or elemental attack you're aware of, give y"
35,"(Multi-Pointer) Shardless Powers",potm,"Holmes",10,0,"[]",0,0,"This power makes you a genius of deduction and perception. It doesn't make you any better at guessing, and you need sufficient evidence to make a conclusion. However, it is a lot less likely to be wro"
35,"(Multi-Pointer) Shardless Powers",s8hp,"The Force",18,0,"[]",0,0,"Remarkable, your Midichlorian count is nearly 20,000. Yes, the force does exist, and you have been given the ability to use it."
35,"(Multi-Pointer) Shardless Powers",lyt5,"Alchemy",15,0,"[]",0,0,"You have Full Metal Alchemist's Alchemy, specifically Clap Alchemy. You didn't even need to lose a limb! As long as you understand the structure of something, you can transmute it into something else,"
35,"(Multi-Pointer) Shardless Powers",zv1o,"Code Geass",10,0,"[]",0,0,"You can give one absolute order to every carbon based lifeforms more intelligent than a mouse you look in the eyes. They will believe they did what you ordered of their own free will, but can deduce t"
35,"(Multi-Pointer) Shardless Powers",qqnn,"Magik",5,0,"[]",0,0,"You can shoot elemental spells at your opponent, reminiscent of fantasy magic. While you won't get anything stronger than a fireball the size of a watermelon or a stone spike jutting from the ground f"
35,"(Multi-Pointer) Shardless Powers",xluv,"Magecraft",25,0,"[]",0,0,"You have the ability to perform Magecraft from the Type-Moon series. You instinctively know the basics and find yourself learning quickly. Due to the lack of other Mages on Earth Bet, any mysteries yo"
35,"(Multi-Pointer) Shardless Powers",obae,"Demiservant",30,0,"[]",0,0,"You gain the ability to transform into any one fictional character from an official source (that you recognize as fiction), as well as gaining all their abilities, memories, and skills. You have their"
35,"(Multi-Pointer) Shardless Powers",nss7,"Heroic Spirit",50,0,"[]",0,0,"You gain the ability to transform into any one fictional character from an official source (that you recognize as fiction), as well as gaining all their abilities, memories, and skills. You have their"
36,"Combo Powers",whs5,"Avatar",7,0,"[]",0,0,"You can not only bend all four of the elements, but you can also Energybend. With training you can give and take away bending to others. You also learn how to bend three times as quickly as you would "
36,"Combo Powers",wo5e,"Biobringer",10,0,"[]",0,0,"You have absolute control and understanding of all carbon based lifeforms. You also can control biology at three times the rate you could before."
36,"Combo Powers",mazz,"Tsundere",5,0,"[]",0,0,"If you try hiding your positive feelings for someone, they will gain a slower version of Unlimited Potential. That is to say that as long as they continuously train to the point they strain themselves"
36,"Combo Powers",o80q,"Jedi Knight",5,0,"[]",0,0,"As a force-user that has access to light sabers, you can now become a Jedi (Or Sith). However, you don't have any training. Now you can create Holocrons with training straight from the Star Wars galax"
36,"Combo Powers",2f3c,"Yang Xiao-Long",5,0,"[]",0,0,"You can transform into Yang, have all her skills, knowledge, and items. You even know how to act like her. This includes the ability to unlock auras. This allows you to keep Yang It! even after your S"
36,"Combo Powers",5pxx,"Gate of Babylon",10,0,"[]",0,0,"You have access to every mythical treasure thought up by man before the year 1900 and can open portals to your pocket dimension. Items can be launched from your pocket dimension at the speed of sound."
36,"Combo Powers",uxkw,"Golden Trio and their +1",10,0,"[]",0,0,"You can bring three people with you when you time loop."
36,"Combo Powers",4lb9,"The End-Becomer",10,0,"[]",0,0,"You can take control over any single one of the existing Endbringers, while keeping all your other powers as well as getting theirs."
36,"Combo Powers",gw54,"Time Lord",15,0,"[]",0,0,"You become a Time Lord from Doctor Who and know how to make the technology from the show, including the TARDIS."
36,"Combo Powers",ccoz,"Meta Knowledge",5,0,"[]",0,0,"You know when you're being simulated and can either act differently in the simulation or just shut the simulation off altogether. You recall all simulated memories after the simulation ends unless the"
36,"Combo Powers",mypd,"Truth",20,0,"[]",0,0,"You can grant people knowledge and/or any power you have, though to do so you need to throw them through a gate and take something from them equal to what you gave them. You can create life, you can c"
36,"Combo Powers",o1kp,"Mage",5,0,"[]",0,0,"Your magic can get stronger with training, but the effects will always be simple in comparison to what you can do with Magecraft. "
36,"Combo Powers",wxio,"Cabbage Corp",5,0,"[]",0,0,"As long as you make it look like an accident, if you sabotage a business no one but the business itself will blame you. "
36,"Combo Powers",0ze9,"Natsuki Subaru",-8,0,"[]",0,0,"You can transform into Natsuki Subaru, have all his skills, knowledge, abilities, powers, blessings, and curses. You even know how to act like him. This includes the Witch's Love. This power replaces "
36,"Combo Powers",1mnn,"Soldier of the Future",8,0,"[]",0,0,"You can use Miss Militia's power with any Tinkertech weapon you've touched."
36,"Combo Powers",l4kr,"Biotech",10,0,"[]",0,0,"You can convert any Tinkertech you analyze to a biological version of the tech."
36,"Combo Powers",5elz,"Biomass Generation",15,0,"[]",0,0,"When altering yourself with Self-Biokinesis you are not limited by the matter in your body, you can create extra matter from nothing."
36,"Combo Powers",lyn7,"Path to Victory",15,0,"[]",0,0,"You can come up with a step-by-step plan to fulfill any goal, and can perform each step perfectly. Blindspots include Eidolon, Trigger Events, Entities, Parts of Entities, Endbringers, etc."
36,"Combo Powers",ueuc,"The Legion of the Fae",15,0,"[]",0,0,"If you've beaten a Parahuman in battle, you permanently have the 50% as powerful version of their power, even when you have a 100% as powerful power active. You can have an unlimited number of those 5"
36,"Combo Powers",aeq3,"Skittering Legions",8,0,"[]",0,0,"You can control not only rodents and bugs, but any non-Sapient lifeforms not resistant to Master effects. "
36,"Combo Powers",nx9r,"Resurrection",15,0,"[]",0,0,"If you repair their corpse, you can bring anyone back to life. They will not have any brain damage or memory loss."
37,"(Universe) Oops...",q6x8,"Earth Bet",0,0,"[]",1,0,"Oh, wait, no, I did anchor you to the right place. Origin of Powers: Entities, Shards, Cauldron Vials, Corona Pollenta, Corona Gemma Major Threats: The Entity, The Endbringers, CUI, Cauldron, The Fall"
37,"(Universe) Oops...",asb1,"Earth Bet AU",8,0,"[]",1,0,"Huh... I remembered it being different. Essentially, this is a version of Earth Bet where history and/or reality has been changed in some, way, shape, or form."
37,"(Universe) Oops...",q9pq,"No Transfer",30,15,"[]",1,0,"I accidentally anchored your soul back in your own world... (Canon-end would be what you call right now) Other than a couple scattered precogs, there aren't really that many Parahumans. Well, there we"
37,"(Universe) Oops...",s5dh,"RWBY",5,0,"[]",1,0,"Origin of Powers: Brother 'Gods' and your own Soul Major Threats: Salem, Grimm, Brother Gods Major Powers: Salem, Ozpin, Maidens, Four Nations, Brother Gods Super Abilities: Aura, Dust, Magic Silver E"
37,"(Universe) Oops...",j3wf,"My Hero Academia",8,0,"[]",1,0,"Origin of Powers: Genetic Mutation Major Threats: League of Villains Major Powers: All Might, All for One Super Abilities: Quirks (Generally weaker than Shard based powers, but much more common.) One "
37,"(Universe) Oops...",dais,"Avatar: The Last Airbender",8,0,"[]",1,0,"Origin of Powers: Lion-Turtles and Spirits Major Threats: Fire Nation, Vaatu Major Powers: Fire Nation, Earth Nation, Vaatu, Raava, Avatar Super Abilities: Bending and Communing with Spirits Avatar: A"
37,"(Universe) Oops...",fxww,"Avatar: Legend of Korra",7,0,"[]",1,0,"Origin of Powers: Lion-Turtles and Spirits Major Threats: Vaatu, Equalists Major Powers: Fire Nation, Earth Nation, Water Nation, Liberty City, Vaatu, Raava, Avatar Super Abilities: Bending and Commun"
37,"(Universe) Oops...",78de,"Fullmetal Alchemist: Brotherhood",10,0,"[]",1,0,"Origin of Powers: Truth Major Threats: Father, the Homunculi Major Powers: Amestris, Xing, the Homunculi, the Sacrifices, Hohenheim Super Abilities: Alchemy, Alkahestry, Clap Alchemy, Philosopher Ston"
37,"(Universe) Oops...",qfmr,"Star Wars: The Original Trilogy",5,0,"[]",1,0,"Origin of Powers: Midichlorians Major Threats: The Sith, The Empire Major Powers: The Sith, The Rebellion, Darth Vader Super Abilities: The Force Force Using Sects: Sith, Witches, Remnants of the Jedi"
37,"(Universe) Oops...",swq5,"Familiar of Zero",20,0,"[]",1,0,"Origin of Powers: Magic, Spirits Major Threats: Elves, Albionese Rebellion Major Powers: Elves, Tristain, Romania, Gallia, Germania, Albionese Rebellion, Void Mages Super Abilities: Magic Void Mages: "
37,"(Universe) Oops...",hqa5,"Akame ga Kill!",15,0,"[]",1,0,"Origin of Powers: Danger Beasts / Teigu Major Threats: The Empire Major Powers: The Empire, The Rebellion, Danger Beasts Super Abilities: Teigu Note: The maximum physical capacity of unpowered humans "
37,"(Universe) Oops...",mqcl,"Gate: Thus the JSDF Fought There",25,0,"[]",1,0,"Origin of Powers: Magic, Gods Major Threats: None, really Major Powers: JSDF Super Abilities: Magic Note: Nothing here is that powerful seeing as the JSDF, an inexperienced not-really-military, has no"
37,"(Universe) Oops...",qe04,"Pokemon",5,0,"[]",1,0,"Origin of Powers: Aura, Psychic, Pokemon Major Threats: Legendaries, Team Rocket, Team Magma, Team Aqua, Team Galactic, Team Plasma, Team Flare, Team Skull, Team Rainbow Rocket, and Team Yell Major Po"
37,"(Universe) Oops...",onx3,"Fate/Stay Night",5,0,"[]",1,0,"Origin of Powers: Od and Mana Major Threats: Sorcerers, Magi, Dead Apostles, Sealing Designates, Masters, and Servants Major Powers: Sorcerers, Magi, Dead Apostles, Sealing Designates, Masters, and Se"
37,"(Universe) Oops...",tz0c,"Ranma 1/2",5,0,"[]",1,0,"Origin of Powers: Ki and Magic Major Threats: Nerima Wrecking Crew, Chinese Amazons, Musk Dynasty, Saffron, the Phoenix People, Happosai, Jusenkyo Major Powers: Nerima Wrecking Crew, Chinese Amazons, "
37,"(Universe) Oops...",o6fk,"Naruto",5,0,"[]",1,0,"Origin of Powers: Hagoromo Otsutsuki Major Threats: Konoha, Suna, Kumo, Iwa, Kiri, Oto, Akatsuki, Root, Otsutsuki Kaguya, Madara, Zetsu Major Powers: Konoha, Suna, Kumo, Iwa, Kiri, Oto, Akatsuki, Root"
37,"(Universe) Oops...",978h,"Harry Potter",18,0,"[]",1,0,"Origin of Powers: Magic Major Threats: Death Eaters Major Powers: Ministry of Magic, Hogwarts, Death Eaters Super Abilities: Magic Note: You have an approximately 0.1% chance of having magic upon ente"
37,"(Universe) Oops...",tz70,"Marvel Cinamatic Universe",10,0,"[]",1,0,"Origin of Powers: Genius, Infinity Stones, Magic, Radioactive Spiders, Experimentation Major Threats: Hydra, Thanos, Loki, Hela Major Powers: Hydra, Thanos, Loki, Hela, The Avengers, Shield, Wakanda, "
37,"(Universe) Oops...",mf6a,"One Piece",5,0,"[]",1,0,"Origin of Powers: Willpower, Devil Fruit Major Threats: The World Government, the Navy, the Celestial Dragons, the 7 Warlords, the Four Emperors, and the 11 Supernovas Major Powers: The World Governme"
37,"(Universe) Oops...",581n,"Fallout New Vegas",15,0,"[]",1,0,"Origin of Powers: Radiation, FEV Major Threats: Caesar's Legion, New California Republic, Mr. House, Mutants, Radiation, The Vegas Families, Powder Gangers, Fiends Major Powers: Caesar's Legion, New C"
37,"(Universe) Oops...",f28t,"Practical Guide to Evil",5,0,"[]",1,0,"Origin of Powers: Names, Magic Major Threats: Hero's, Villains, The Bard, The Dead King, The Kingdom Under, The Dread Empire, Elves, Demons, Devils, Angels, The Fae, The Gods above, The Gods Below Maj"
37,"(Universe) Oops...",wv6t,"X-Men",5,0,"[]",1,0,"Origin of Powers: Metagene Major Threats: Apocalypse, Galactus, Dark Phoenix Major Powers: The X-men, Magneto, Four Horsemen of the Apocalypse, Hellfire Club, Purifiers Super Abilities: Varied Note: M"
37,"(Universe) Oops...",hvvg,"Mass Effect",10,0,"[]",1,0,"Origin of Powers: Element Zero Major Threats: Reapers, Cerberus, The Alliance, Specters, Slavers, Mercenary's, Geth, Pirates, Hostile Aliens Major Powers: Reapers, Cerberus, The Alliance, Mercenaries "
37,"(Universe) Oops...",aqu7,"A Song of Ice and Fire",20,0,"[]",1,0,"Origin of Powers: Magic Major Threats: Whitewalkers, Civil War, Nobility, Mages, Fire Priests, Dragons, Faceless Men Major Powers: Whitewalkers, Free Cities, Westeros Nobility Note: The Whitewalkers c"
37,"(Universe) Oops...",cx1r,"Skyrim",15,0,"[]",1,0,"Origin of Powers: Magic, Souls Major Threats: Thalmor, Stormcloaks, Empire, Dark Brotherhood, Mages Guild, Aedric Gods, Daedric Princes, Dragonborn, Miraak, Dragons, Monsters, Werebeasts, Vampires, Ba"
37,"(Universe) Oops...",q4m0,"Puella Magi Madoka Magika",8,0,"[]",1,0,"Origin of Powers: Incubators, Wishes, Human Emotions Major Threats: Kyubey, Walpurgisnacht Major Powers: Kyubey, Walpurgisnacht, Homura Akemi Note: If you're a female, or in a female form, you have th"
37,"(Universe) Oops...",mgla,"Fairy Tail",5,0,"[]",1,0,"Origin of Powers: Magic, Dragons, Gods, Devils Major Threats: Zeref, Dark Guilds, Zeref's Cults, Acnologia, Balam Alliance, Oracion Seis, Tartaros, Eisenwald, Death's Head Caucus, Edolas, Alvares Empi"
37,"(Universe) Oops...",3s16,"Percy Jackson and the Olympians",10,0,"[]",1,0,"Origin of Powers: Myths, Gods, Titans, Monsters, Magic Major Threats: Egyptian Magicians, Demigods, Gods, Titans, Monsters, Giants, Primordials Major Powers: Egyptian Magicians, Demigods, Gods, Titans"
37,"(Universe) Oops...",51ks,"Re:Zero",3,0,"[]",1,0,"Origin of Powers: Magic, Spirits, Authorities of Sin, Divine Protections Major Threats: The Witch-Cult, The Witch Apostles, Witch of Envy: Satella, Demon Beasts Major Powers: The Witch-Cult, Witch of "
37,"(Universe) Oops...",0xlq,"DanMachi",3,0,"[]",1,0,"Origin of Powers: Magic, Spirits, Gods Major Threats: The Dungeon, the Monsters, and the Black Dragon Major Powers: The Guild, The Gods in Heaven, the Loki Familia, the Freya Familia, the Hephaestus F"
37,"(Universe) Oops...",ephy,"Legend of Zelda",15,0,"[]",1,0,"Origin of Powers: Magic, the Gods Major Threats: Ganon, Ganon's forces, Demise's other incarnations, Majora's Mask Major Powers: The Goddesses, Demise, and the rest depends on the era, but usually Hyr"
37,"(Universe) Oops...",7nic,"Undertale",15,0,"[]",1,0,"Origin of Powers: Magic, SOUL, LV/LOVE, EXP, DETERMINATION, JUSTICE, PERSEVERANCE, PATIENCE, BRAVERY, INTEGRITY, and KINDNESS. Major Threats: Flowey, Genocide Frisk & Chara Major Powers: Humanity, The"
37,"(Universe) Oops...",mmnv,"Life is Strange",10,0,"[]",1,0,"Origin of Powers: Psionics Major Threats: Psionic Users, local Governments matching those of your world to some degree. Major Powers: Max Caulfield (A girl with the psionic ability to turn back her pe"
37,"(Universe) Oops...",vmha,"Shadowrun",8,0,"[]",1,0,"Origin of Powers: Cybernetics, Magic Major Threats: Corporations, Deckers, AI, Dragons, Horrors Major Powers: Corporations, Dragons Super Abilities: Cybernetics, Magic Note: You have a 1% of being abl"
37,"(Universe) Oops...",8oe0,"(Easy) Other World",18,0,"[]",1,0,"This is some other world not listed here, specifically one that is significantly easier and safer to be an active participant in than Worm."
37,"(Universe) Oops...",19bz,"(Moderate) Other World",12,0,"[]",1,0,"This is some other world not listed here, specifically one that is slightly to moderately easier to be an active participant in than Worm."
37,"(Universe) Oops...",1mlb,"(Hard) Other World",5,0,"[]",1,0,"This is some other world not listed here, specifically one that is about as difficult to be an active participant in as Worm, or slightly harder."
37,"(Universe) Oops...",dvo2,"(Extra Hard) Other World",-8,0,"[]",1,0,"This is some other world not listed here, specifically one that is significantly harder or more difficult to be an active participant in than Worm."
37,"(Universe) Oops...",6x77,"(Easy) Original World",20,0,"[]",1,0,"Fill out a CYOA that is specifically focused on creating original worlds. If that world is significantly easier to be an active participant in than Worm, this is that world."
37,"(Universe) Oops...",3tk2,"(Moderate) Original World",15,0,"[]",1,0,"Fill out a CYOA that is specifically focused on creating original worlds. If that world is slightly to moderately easier to be an active participant in than Worm, this is that world."
37,"(Universe) Oops...",umqx,"(Hard) Original World",10,0,"[]",1,0,"Fill out a CYOA that is specifically focused on creating original worlds. If that world is about as hard or difficult to be an active participant in than Worm, this is that world."
37,"(Universe) Oops...",ktfw,"(Extra Hard) Original World",-3,0,"[]",1,0,"Fill out a CYOA that is specifically focused on creating original worlds. If that world is significantly harder or more difficult to be an active participant in than Worm, this is that world."
38,"AUs",66kt,"Parahuman Fiefdoms",0,-7,"[]",1,0,"Most governments are ruled over by Parahumans, or at the very least have Parahumans very high up. The world is also split into many smaller nations, at least for the most part."
38,"AUs",chgs,"Galactic",0,-15,"[]",1,0,"Humanity is much more scientifically advanced in Earth Bet, to the point where they have a galactically spanning civilization. There are many non-human intelligent species, many of which you'll recogn"
38,"AUs",ozwv,"Secret Society",0,4,"[]",1,0,"Society as a whole does not know about Parahumans, though governments do. Every Parahuman, shortly after they gain their powers, is warned by a woman in a Fedora who says something to them to make the"
38,"AUs",8iyh,"Brute",3,0,"[]",1,0,"Every Parahuman, including you (if you have a Shard), is a low-level Brute, enough to survive low-caliber bullets unharmed. People who would normally be Brutes are slightly stronger Brutes."
38,"AUs",pgwo,"Red Shirt",4,0,"[]",1,0,"Minions of Parahumans gain low-level abilities such as enhanced reflexes, enhanced regeneration (enough to heal from severe wounds within half a week), enhanced dexterity, the ability to survive low c"
38,"AUs",qduh,"Cops and Robbers",0,14,"[]",1,0,"Villains rarely go too far, and most everyone teams up against those that do. Truces are taken seriously, and hardly anyone rapes or murders civilians. It's a big no-no to go after civilian identities"
38,"AUs",g6es,"World War III",-10,-15,"[]",1,0,"There is a world war and there are three sides, and the Holdouts. The Naturalists, who hate Parahumans and use advanced nuclear technology to combat Parahumans with surprising effectiveness. Their tec"
38,"AUs",fapg,"Mutants",-5,-20,"[]",1,0,"Parahumans are treated much the same way that Mutants are in Marvel, with fear and disgust. Glaistig Uaine and Eidolon have teamed up to protect Parahumans from humanity. Many Parahumans hate humans a"
38,"AUs",s5p0,"Merlin's Beard!",10,0,"[]",1,0,"All Parahuman powers are magic, and therefore learnable. The more powerful a Parahuman's power, the larger their reserves. By using your powers your reserves grow. The rate of growth is slow, though t"
38,"AUs",8p7x,"Peggy Sue",-10,-15,"[]",1,0,"Every Parahuman is sent back in time from when they died or the end of Ward back to whenever you were sent back to. They have their powers even if they didn't at the point they were sent back to. The "
38,"AUs",x2wx,"Peggy Sue - Cured",3,0,"[]",1,0,"All Master Effects are cured for people sent back in time."
38,"AUs",um8b,"Real Evil",-5,0,"[]",1,0,"Cauldron is evil, Scion and Eden are good. Their power levels are switched to make it just as one-sided as it would have been before. Good news? Cauldron is unlikely to want all of humanity dead. Bad "
38,"AUs",6pg4,"Without a Hero",-12,0,"[]",1,0,"If you are in Worm, Taylor Hebert is dead. If you are in Ward, Victoria Dallon is dead. Queen Administrator is not passed onto Danny Hebert, and is not expected to make an appearance this Cycle."
38,"AUs",h7zy,"Benign",8,0,"[]",1,0,"Parahuman Powers do not push for conflict, just to be used regularly."
38,"AUs",9p6y,"Techie",7,0,"[]",1,0,"All powers are Tinker powers. This can, optionally, include you."
38,"AUs",amja,"Tinkers are Thinkers",15,0,"[]",1,0,"Tinkers are actual super-geniuses and their tech is reproducible. They still specialize in certain fields. This includes you, if you're a Tinker."
38,"AUs",0nho,"Reroll",-4,0,"[]",1,0,"All Parahuman powers are rerolled. They will still come from the same Shard, but the powers themselves will be different. The average strength of Parahumans will not decrease from this."
38,"AUs",q708,"Modern",0,10,"[]",1,0,"Parahumans will only start appearing when you appear on Earth Bet."
38,"AUs",4nhn,"TINO",-15,0,"[]",1,0,"Taylor's personality is... different. More focus on escalation and she fits the Useless Lesbian trope to a Tee. She is too trusting of people she just met and often takes things at face value. She als"
38,"AUs",eli7,"Powerswap",5,0,"[]",1,0,"Swap Taylor's power with that of another Parahuman. Mental side-effects are swapped too."
38,"AUs",j9s3,"Historical",0,0,"[]",1,0,""
38,"AUs",0mef,"Prehistoric",0,-25,"[]",1,0,"While much of the plot stays the same, and you are still at the equivalent point in the plot, the story now takes place in Prehistoric Times."
38,"AUs",xwqc,"Classical Era",0,-15,"[]",1,0,"While much of the plot stays the same, and you are still at the equivalent point in the plot, the story now takes place during the Bronze Age."
38,"AUs",3v09,"All Roads Lead to Rome",0,-10,"[]",1,0,"While much of the plot stays the same, and you are still at the equivalent point in the plot, the story now takes place sometime during the peak of the Roman Empire."
38,"AUs",f1yy,"Medieval Era",0,-15,"[]",1,0,"While much of the plot stays the same, and you are still at the equivalent point in the plot, the story now takes place sometime during the Medieval Era."
38,"AUs",f2go,"Renaissance Era",0,-10,"[]",1,0,"While much of the plot stays the same, and you are still at the equivalent point in the plot, the story now takes place sometime during the Renaissance Era."
38,"AUs",6xb6,"Colonial Era",0,-10,"[]",1,0,"While much of the plot stays the same, and you are still at the equivalent point in the plot, the story now takes place sometime during the Colonial or Industrial Era."
38,"AUs",cc1s,"World War Era",0,-15,"[]",1,0,"While much of the plot stays the same, and you are still at the equivalent point in the plot, the story now takes place sometime between 1920 and 1945."
38,"AUs",ndlu,"Cold War",0,-15,"[]",1,0,"While much of the plot stays the same, and you are still at the equivalent point in the plot, the story now takes place sometime between 1945 and 1982."
39,"Location",xyye,"Lost",0,-8,"[]",1,0,"You don't get to choose your starting location."
39,"Location",4tfy,"Brockton Bay",0,-5,"[]",1,0,"Brockton Bay is where Wildbow's predictions began, where Taylor Hebert will start her Caped crusades. It also has a lot of powerful Parahumans, is home to the Protectorate ENE, and is a likely target "
39,"Location",qc37,"Boston",0,-3,"[]",1,0,"Not all of the story took place in Brockton Bay. Some of it took place in Boston. Boston has some powerful players like Accord and the Teeth."
39,"Location",glz9,"Chicago",0,-3,"[]",1,0,"Taylor eventually joined the Chicago Wards after things went downhill in Brockton Bay. Most of Wildbow's Pre-Gold Morning predictions took place while Taylor was a member of the Chicago Wards. The Chi"
39,"Location",pdj7,"Newfoundland",0,-1,"[]",1,0,"Leviathan attacked Newfoundland in the early 2000s. It's found at the east coast of Canada."
39,"Location",s37b,"(East Coast) North America",0,3,"[]",1,0,"North America is a big place, you might want to be elsewhere in North America. Choose any location on the East Coast of the United States of America that isn't with 100 miles of Brockton Bay or Boston"
39,"Location",eb8e,"(Central) North America",0,1,"[]",1,0,"North America is a big place, you might want to be elsewhere in North America. Choose any location between the East and West coasts of the United States of America and isn't within 100 miles of Chicag"
39,"Location",5wvn,"(West Coast) North America",0,5,"[]",1,0,"North America is a big place, you might want to be elsewhere in North America. Choose any location on the West Coast of North America."
39,"Location",rzjt,"Europe",0,0,"[]",1,0,"Europe isn't nearly as well off as it is on your Earth, but it isn't nearly as bad as Africa is. Choose any location in Europe, you'll find yourself there."
39,"Location",8i2t,"Australia",0,0,"[]",1,0,"Canberra, Australia was attacked by the Endbringer known as the Simurgh or Ziz during the early months of 2011. Choose any location in Australia, you'll find yourself there."
39,"Location",mjx2,"South America",0,0,"[]",1,0,"Choose any location in South America, you'll find yourself there."
39,"Location",y6j4,"Kyushu",0,-3,"[]",1,0,"You'll find yourself in Kyushu, where Leviathan attacked Japan on the November of 1999. I wouldn't suggest going there any later that that, it's completely flooded."
39,"Location",eb5s,"Asia",0,-3,"[]",1,0,"China is home to the brainwashed military Cape team known as the Yangban. Japan, as of November 3rd, 1999 is completely flooded. In July of 2011, Behemoth will attack New Delhi in India. Russia is hom"
39,"Location",camv,"Africa",0,-3,"[]",1,0,"Africa is full of warlords and is also home to Ashbeast, one of the S-Class Threats. Choose any location in Africa, you'll find yourself there."
39,"Location",p1oc,"Antarctica",0,-3,"[]",1,0,"Choose any location in Antarctica or the North Pole, you'll find yourself there."
39,"Location",mpv4,"Simurgh Containment Zone",0,-12,"[]",1,0,"Choose any location that has been quarantined due to a Simurgh attack prior to April, 2011, you'll find yourself there."
39,"Location",nbxt,"Containment Camp",0,-20,"[]",1,0,"You'll find yourself at a containment camp you fit the criteria for. Whether this is a Gesellschaft (Neo-Nazi) Containment Camp or a CUI Containment Camp for brainwashing Parahumans into being loyal C"
39,"Location",id8l,"Radioactive Wasteland",0,-10,"[]",1,0,"You'll find yourself at a location that Behemoth made uninhabitable during one of his attacks prior to 2011. If you're not in Earth Bet, you're at some other area that is too radioactive to be safe fo"
39,"Location",z66w,"Ocean",0,-10,"[]",1,0,"You find yourself in the middle of the Atlantic Ocean with no islands within hundreds of miles at minimum. "
39,"Location",6f3x,"Moon",0,-15,"[]",1,0,"You find yourself on the bright side of the Moon."
40,"Locations (Available to Non-Earths)",xyye,"Lost",0,-8,"[]",1,0,"You don't get to choose your starting location."
40,"Locations (Available to Non-Earths)",1x0q,"Safe Space",0,-1,"[]",1,0,"You appear somewhere that is safe for the time being, though not necessarily for long. You don't get to choose the specifics."
40,"Locations (Available to Non-Earths)",eu8o,"Capital City",0,5,"[]",1,0,"You appear in a capital city of your choice in your chosen setting."
40,"Locations (Available to Non-Earths)",qp4e,"School",0,1,"[]",1,0,"You appear in or near a school of your choice in your setting."
40,"Locations (Available to Non-Earths)",brnx,"Grimmlands",0,-15,"[]",1,0,"You appear in the Grimmlands, possibly even in Salem's castle. If you specifically want to appear in Salem's castle, you can, but even if you don't want to, there is a chance you will."
40,"Locations (Available to Non-Earths)",cv6m,"I-Island",0,0,"[]",1,0,"You appear on I-Island, an artificial moving island for scientists and researchers to work together peacefully."
40,"Locations (Available to Non-Earths)",7fac,"Spirit World",0,-10,"[]",1,0,"You appear in the Spirit World. Good luck escaping."
40,"Locations (Available to Non-Earths)",s6ic,"Truth",-15,-15,"[]",1,0,"You appear before Truth. He will take something from you. I suggest you prepare something to trade ahead of time. If you can regrow your limbs, Truth is not going to think of them as valuable, but if "
40,"Locations (Available to Non-Earths)",6d5o,"A Disturbance in the Force",0,3,"[]",1,0,"You appear within a mile of the Jedi Temple on Coruscant. You can appear inside the Temple if you want instead."
40,"Locations (Available to Non-Earths)",h1lv,"Intruder Alert",0,-10,"[]",1,0,"You appear inside the base of people who will assume you to be an enemy."
40,"Locations (Available to Non-Earths)",3sx8,"Kill the human!",0,-10,"[]",1,0,"You appear in some other dimension within the Pokemon universe, such as the Distortion World, Ultra Space, etc."
40,"Locations (Available to Non-Earths)",e030,"Hidden Village",0,-15,"[]",1,0,"You appear within a mile or inside one of the Hidden Villages."
40,"Locations (Available to Non-Earths)",3igv,"Alien World",0,-3,"[]",1,0,"You appear on one of the worlds seen within the MCU."
40,"Locations (Available to Non-Earths)",xdht,"Grand Line",0,5,"[]",1,0,"You appear on an Island, not on the Grand Line or Red Line."
40,"Locations (Available to Non-Earths)",olhk,"Grand Line",0,-7,"[]",1,0,"You appear somewhere within the Grand Line (Not the Red Line)."
40,"Locations (Available to Non-Earths)",dl81,"Red Line",0,-15,"[]",1,0,"You appear somewhere on the Red Line."
40,"Locations (Available to Non-Earths)",ol1h,"Reaped",0,-15,"[]",1,0,"You appear within space controlled by the Reapers."
40,"Locations (Available to Non-Earths)",xx6n,"Waypoint",0,0,"[]",1,0,"You appear at some point in Skyrim that was a waypoint in one of the games."
40,"Locations (Available to Non-Earths)",4w2h,"Incubation",0,-15,"[]",1,0,"You appear on the homeworld of the Incubators"
40,"Locations (Available to Non-Earths)",jouf,"Guild Building",0,-5,"[]",1,0,"You appear inside or right outside a guild building—not just of any ordinary random guild, but one with at least one S-Rank Mage."
40,"Locations (Available to Non-Earths)",p091,"Camp Halfblood",0,5,"[]",1,0,"You appear inside the barrier of Camp Halfblood."
40,"Locations (Available to Non-Earths)",gjaj,"New Rome",0,5,"[]",1,0,"You appear within New Rome."
40,"Locations (Available to Non-Earths)",kvjl,"Gods Above",0,-10,"[]",1,0,"You appear on Olympus"
40,"Locations (Available to Non-Earths)",lrz6,"Should I take a left... or my other left?",0,-10,"[]",1,0,"You appear within the Labyrinth."
40,"Locations (Available to Non-Earths)",zu4c,"Underworld",0,-15,"[]",1,0,"You appear within the Underworld"
40,"Locations (Available to Non-Earths)",zbdt,"Tartarus",0,-25,"[]",1,0,"You appear within Tartarus. You cannot teleport out."
40,"Locations (Available to Non-Earths)",cex0,"Primordial",0,-35,"[]",1,0,"You appear right before a Primordial Deity."
40,"Locations (Available to Non-Earths)",eryi,"River Styx",0,-50,"[]",1,0,"You appear within the River Styx."
40,"Locations (Available to Non-Earths)",609w,"Dungeon 1-20",0,-5,"[]",1,0,"You appear on a floor in the dungeon. Roll a 1d20, that's what floor you're on. You cannot teleport out of the dungeon or to another floor for the first 100 hours of your time in DanMachi."
40,"Locations (Available to Non-Earths)",2ex6,"Dungeon 21-40",0,-10,"[]",1,0,"You appear on a floor in the dungeon. Roll a 1d20, add a 20 to that and that's what floor you're on. You cannot teleport out of the dungeon or to another floor for the first 100 hours of your time in "
40,"Locations (Available to Non-Earths)",ypfs,"Dungeon 41-60",0,-20,"[]",1,0,"You appear on a floor in the dungeon. Roll a 1d20, add a 40 to that and that's what floor you're on. You cannot teleport out of the dungeon or to another floor for the first 100 hours of your time in "
40,"Locations (Available to Non-Earths)",1djt,"Dungeon 61-80",0,-30,"[]",1,0,"You appear on a floor in the dungeon. Roll a 1d20, add a 60 to that and that's what floor you're on. You cannot teleport out of the dungeon or to another floor for the first 100 hours of your time in "
40,"Locations (Available to Non-Earths)",m6bp,"Dungeon 81-100",0,-40,"[]",1,0,"You appear on a floor in the dungeon. Roll a 1d20, add an 80 to that and that's what floor you're on. You cannot teleport out of the dungeon or to another floor for the first 100 hours of your time in"
40,"Locations (Available to Non-Earths)",ni4c,"Dungeon 81-100",0,-40,"[]",1,0,"You appear on a floor in the dungeon. Roll a 1d20, add an 80 to that and that's what floor you're on. You cannot teleport out of the dungeon or to another floor for the first 100 hours of your time in"
40,"Locations (Available to Non-Earths)",y1b7,"Dungeon (LoZ)",0,-40,"[]",1,0,"You appear inside one of the Temples or Shrines in the Zelda universe, one that exists and is accessible during your chosen time period."
40,"Locations (Available to Non-Earths)",w7fc,"Mt. Ebott",0,0,"[]",1,0,"You appear on Mt. Ebott."
40,"Locations (Available to Non-Earths)",3hgh,"Underground",0,0,"[]",1,0,"You appear at the bottom of the hole leading into Mt. Ebott. You cannot teleport out of the Underground until the Barrier is destroyed."
40,"Locations (Available to Non-Earths)",up1u,"Main Character's House",0,-10,"[]",1,0,"If the Main Character of the setting has a house, you appear right outside of it, or, if you want, inside of it. If they don't have a house, you appear in their resting space, even if that's just a ca"
40,"Locations (Available to Non-Earths)",qyey,"Main Character's Face",0,-20,"[]",1,0,"You appear before the setting's Main Character. They will be fully clothed and decent when this happens."
40,"Locations (Available to Non-Earths)",shg8,"Ally",0,50,"[]",1,0,"You appear before someone who will believe your story if you tell the truth and will be an, at the very least, good ally. You can still push them away, even if you don't do it intentionally."
41,"Patreons",cvne,"Drago",0,0,"[]",0,0,""
41,"Patreons",kueb,"William Davis",0,0,"[]",0,0,""
41,"Patreons",6wa2,"Khaos End",0,0,"[]",0,0,""
41,"Patreons",v7ql,"Definitely Not Dio",0,0,"[]",0,0,""
41,"Patreons",scz9,"Punchweasel",0,0,"[]",0,0,""